38.342,40.985,38.856,36.846,32.236,29.836,32.894,34.404
-5.3763,-6.1584,-6.0273,-6.4437,-5.1261,-5.4912,-6.575,-4.6798
-17.005,-21.07,-27.404,-23.488,-15.422,-23.94,-16.053,-29.315
22.702,19.851,22.291,19.849,23.763,18.027,25.219,19.571
-25.439,-21.28,-17.303,-14.638,-21.49,-20.029,-24.6,-16.102
3.8843,3.9634,8.7314,6.7921,5.7935,6.5019,4.9168,6.8021
12.627,9.3571,11.641,6.968,5.3641,1.4738,6.1372,6.5712
-5.4525,-6.3122,-2.7342,-4.3632,-8.3043,-7.8367,-6.4661,-8.4452
-19.365,-23.272,-20.222,-12.924,-16.971,-19.973,-27.567,-25.588
8.1699,4.551,9.702,5.5543,7.1979,6.3589,10.214,5.745
-5.6627,-4.5348,-4.8445,-6.3854,-5.374,-4.868,-5.545,-4.4039
-4.2584,-4.4617,-8.1184,-5.3405,-6.4448,-3.8265,-9.2158,-5.9891
-10.766,-12.252,-12.736,-12.331,-11.795,-7.0626,-13.047,-6.1304
7.6665,4.5888,6.8512,3.9763,2.86,5.9512,9.4694,11.259
12.451,11.67,11.688,10.27,13.668,14.184,13.293,13.921
16.006,24.573,17.939,17.253,20.118,20.995,12.259,22.551
-23.656,-22.367,-25.772,-25.007,-30.367,-17.374,-19.842,-21.384
-20.469,-28.476,-15.388,-20.456,-26.43,-14.192,-18.073,-19.597
12.49,18.677,20.561,21.036,14.324,19.385,14.457,15.944
-23.975,-24.676,-24.688,-32.922,-21.828,-25.004,-25.06,-17.277
-12.132,-11.044,-11.668,-11.337,-5.9976,-12.842,-9.6757,-8.9495
37.676,26.286,32.139,39.593,30.387,36.188,30.917,33.809
15.564,7.3543,10.672,12.988,12.348,12.378,18.919,12.068
-5.5134,-5.3581,-6.3962,-5.804,-5.1289,-6.4197,-5.9977,-6.1752
-5.0126,-6.5431,-5.8161,-6.5911,-5.8381,-5.5988,-4.8323,-5.5064
37.92,32.681,33.596,35.953,35.023,42.464,35.224,40.587
5.948,7.3055,7.5388,9.35,6.8912,8.3653,7.6624,5.0297
-25.205,-19.809,-18.87,-19.748,-19.067,-21.451,-16.105,-20.64
-7.1194,-2.2354,-5.211,-5.4733,-6.0566,-5.5273,-10.051,-5.6981
19.711,24.239,21.575,21.111,20.022,16.524,22.2,17.261
21.791,21.056,20.577,24.515,22.054,14.498,16.758,18.966
7.6297,10.012,3.882,10.13,7.2509,4.1868,7.5823,4.5938
-5.3316,-6.1739,-6.0353,-5.2372,-6.3872,-4.1568,-5.5485,-3.5671
-23.466,-13.349,-23.171,-26.582,-12.639,-25.801,-18.753,-26.581
19.89,22.025,20.867,19.546,19.556,17.509,20.57,20.708
-24.411,-28.77,-19.501,-27.566,-17.476,-28.436,-18.012,-21.057
-2.8247,-1.6576,-3.413,-4.2666,-3.0018,-7.1433,3.5449,1.9423
28.81,37.099,24.173,33.736,38.856,39.91,35.274,28.047
-0.98469,-6.1905,-2.1815,-2.2762,-6.1344,-2.743,-7.9108,-6.1406
10.245,14.658,14.899,5.9786,18.883,10.237,14.27,14.591
-5.169,-5.6021,-6.1742,-6.1702,-4.8802,-5.73,-4.15,-6.3356
32.485,40.537,32.902,36.994,38.397,33.376,37.523,35.559
25.656,17.562,13.562,16.387,10.377,19.85,15.025,22.675
7.1422,7.6799,1.8669,3.5928,5.4916,5.2849,8.0227,5.7986
-6.7047,-4.3754,-8.5559,-4.3346,-8.4493,-7.6533,-6.6062,-7.7954
15.465,18.54,18.126,19.741,13.491,17.494,17.44,23.256
21.077,16.586,17.383,16.698,16.528,16.357,16.029,15.363
7.436,7.2741,1.4144,8.3039,7.033,7.058,2.7279,6.8907
33.667,45.23,38.073,36.459,38.428,36.445,40.123,32.9
41.663,26.546,27.397,30.963,30.232,38.589,41.126,38.448
14.016,11.492,12.346,6.9704,14.008,10.861,12.272,13.137
-7.3241,-2.849,-12.411,-4.2367,-5.1793,-6.7065,-9.7769,-6.7908
-23.264,-20.921,-17.713,-23.126,-20.976,-25.947,-31.219,-20.357
-6.3208,-6.442,-6.0457,-6.1751,-5.0582,-5.8564,-5.1561,-5.5559
15.147,19.314,20.664,17.914,17.039,18.15,19.493,19.391
18.698,17.447,22.67,21.177,19.646,17.097,16.05,20.979
-6.2758,-3.2143,-6.4066,-2.5942,-4.9249,-9.0552,-3.352,-5.4782
15.88,16.038,18.267,12.376,18.899,16.931,17.118,15.165
8.8028,10.902,7.7863,13.209,9.4076,12.166,16.771,9.9947
20.741,18.189,17.964,18.408,21.461,16.452,16.124,19.229
33.371,32.98,34.434,43.135,39.734,36.452,45.544,32.47
-10.446,-10.129,-11.559,-12.462,-10.752,-5.6067,-2.5417,-11.733
5.59,12.668,5.4815,4.9182,0.45618,4.6627,4.3455,7.9718
-27.078,-25.581,-18.873,-26.412,-20.18,-33.279,-19.102,-15.773
39.73,39.176,37.573,38.946,42.913,30.191,38.743,39.167
11.423,10.379,8.3907,10.441,7.9179,16.456,15.254,9.8014
16.891,15.355,16.077,10.022,16.188,18.448,21.366,16.403
-22.859,-14.541,-19.78,-16.376,-8.5509,-24.873,-26.803,-27.627
11.151,8.6743,12.383,5.4819,9.7643,7.7944,9.4188,7.4406
-18.35,-25.6,-15.556,-21.758,-15.111,-20.881,-19.504,-26.538
-11.603,-10.39,-9.1573,-10.609,-13.67,-9.9469,-11.707,-9.8984
29.018,33.797,36.041,28.418,32.447,42.965,32.157,35.239
-14.828,-9.3331,-14.938,-10.96,-5.6302,-10.507,-10.27,-6.1488
-16.76,-18.849,-21.021,-20.376,-20.645,-24.348,-21.45,-21.376
15.961,13.149,7.0822,9.8625,10.423,10.597,12.132,13.724
33.227,30.55,26.794,31.885,27.951,31.132,27.879,26.319
-24.593,-28.128,-20.259,-30.023,-17.297,-10.204,-27.536,-17.433
-12.851,-8.4791,-10.535,-7.6263,-13.046,-13.852,-7.6694,-7.9904
-5.5979,-5.3471,-6.2397,-4.7381,-5.7438,-6.3637,-5.7904,-5.2934
-9.2605,-7.9783,-9.2598,-10.391,-11.044,-10.252,-6.794,-13.024
18.975,20.401,16.425,19.164,24.237,17.032,19.688,21.634
30.502,31.786,43.88,36.346,31.89,42.315,41.171,36.457
8.157,4.5738,4.2223,5.5461,6.4567,5.2504,5.2468,2.9534
-3.6916,-3.7316,-5.2563,-5.6092,0.96603,-4.9463,-4.06,-3.1078
5.07,9.2121,9.5527,1.1262,0.7687,8.3588,4.8265,5.3303
-7.3752,-12.861,-12.365,-10.069,-15.063,-14.415,-17.59,-9.3397
29.465,29.066,37.285,33.37,24.739,36.036,25.365,31.225
-9.9447,-6.7572,-4.6705,-5.651,-6.2318,-4.7428,-5.6345,-10.138
17.371,20.511,23.243,20.023,19.439,19.347,19.694,18.565
13.383,20.725,13.018,16.114,21.775,14.428,13.002,17.38
15.558,16.541,8.2626,8.4682,12.292,13.834,13.344,8.7332
2.4287,-2.4749,-1.3198,-2.2378,-0.99287,-5.8794,-6.8357,-3.0255
6.9314,12.865,13.862,7.4247,13.911,15.454,10.383,12.699
7.3531,11.479,10.558,11.308,11.326,6.8275,11.637,8.8523
31.053,22.579,32.43,34.59,34.231,30.148,24.967,27.074
5.8656,7.9455,5.7604,6.8074,6.8891,6.9101,7.6716,7.1009
-22.365,-14.953,-21.12,-22.022,-23.236,-28.718,-30.997,-18.02
-9.3187,-10.022,-9.2579,-9.0884,-14.384,-8.6475,-11.766,-8.2217
-12.476,-7.8746,-11.456,-10.475,-9.8307,-10.241,-8.7937,-8.4616
-7.5403,-10.406,-7.4551,-12.233,-6.9756,-8.6341,-5.6874,-8.3455
-24.182,-18.412,-24.583,-23.243,-16.783,-26.273,-22.276,-26.625
-23.332,-21.187,-20.286,-19.689,-21,-19.244,-19.898,-21.69
10.162,12.66,8.4365,10.028,7.8935,10.25,8.8706,11.243
35.632,37.64,35.673,45.051,35.169,41.954,35.456,34.2
17.873,24.222,18.296,20.659,15.472,22.194,12.279,17.248
40.338,29.946,35.449,26.777,30.437,28.349,40.486,46.745
7.0117,3.7696,8.0807,5.0725,5.9857,5.2859,5.1733,6.435
34.312,36.271,32.873,40.146,31.916,33.654,37.237,34.32
-4.6361,-7.0725,-6.5559,-3.1096,-5.2645,-5.6886,-6.3776,-8.557
18.779,17.463,21.279,18.52,16.75,18.223,16.227,18.442
7.0711,6.2134,3.3487,7.8202,2.3097,3.0634,8.5481,4.3502
43.938,26.786,32.568,36.7,37.33,42.601,36.564,40.135
15.205,17.572,18.52,19.369,20.562,22.238,19.727,20.424
-6.7252,-5.0951,-4.6346,-5.3227,-5.3012,-6.8035,-5.2603,-5.5514
31.823,32.226,30.507,41.985,44.726,37.486,42.825,38.477
12.278,11.89,9.8816,7.4234,10.426,9.5753,9.1465,10.744
-12.059,-8.2932,-10.859,-9.3692,-16.65,-13.629,-11.165,-13.781
8.2362,4.0474,5.0728,4.7747,4.51,8.3712,5.793,5.4174
22.305,11.424,24.045,24.098,21.817,18.049,18.765,18.712
10.241,11.102,9.5981,10.189,7.7842,10.485,9.7716,10.785
7.3414,6.1111,9.5983,10.099,6.1488,8.3724,5.5161,4.7643
0.86615,9.1401,14.026,18.12,11.24,5.7899,8.2017,4.7839
-8.1196,-9.1052,-10.273,-9.1624,-8.2406,-10.318,-8.7359,-11.523
-2.0067,-2.7145,-2.2781,-0.99607,-1.701,1.3859,1.5177,-5.4607
15.297,18.981,14.529,19.722,18.351,15.259,17.973,22.255
12.694,16.363,14.74,6.3944,10.195,13.744,10.242,12.008
-5.3448,-12.158,-12.919,-9.2459,-11.02,-7.8753,-8.8211,-12.717
18.574,21.66,15.683,21.456,19.536,20.391,18.774,16.621
3.9373,4.8352,5.745,6.5927,4.4301,3.8265,7.496,8.7463
35.926,37.552,37.534,40.112,39.933,39.548,32.824,32.886
16.987,16.778,19.515,15.62,21.97,15.889,12.917,19.515
-14.199,-16.705,-33.816,-21.265,-22.049,-35.469,-25.841,-15.056
6.8141,9.0069,5.5744,7.0906,8.8583,2.6832,7.4139,7.7322
-20.219,-16.224,-25.897,-18.989,-23.253,-28.485,-16.327,-24.317
-9.6706,-9.0103,-6.8556,-9.0215,-12.211,-7.2798,-12.943,-12.364
28.831,28.252,33.572,30.899,25.398,37.841,25.331,34.185
12.319,10.468,9.4539,9.5776,11.645,8.7959,10.412,10.252
39.847,41.291,30.679,41.191,36.174,34.508,33.03,38.936
-3.7515,-13.871,-6.0409,-10.324,-8.9092,-13.763,-10.56,-8.6572
-6.3907,-7.1655,-9.6199,-0.77011,-7.1724,-5.8259,-6.0312,-6.0316
15.513,14.487,19.977,11.417,12.055,9.6169,15.538,9.12
-19.361,-22.631,-20.191,-25.087,-21.934,-15.155,-20.337,-24.018
-12.272,-10.518,-15.145,-12.19,-11.733,-9.6412,-10.855,-9.8041
-9.1317,-8.8082,-9.0173,-5.0954,-5.6427,-11.498,-7.2363,-6.4996
-0.39661,-2.3731,0.29448,-0.54108,-6.3339,-2.9064,-0.79742,-0.59689
-22.402,-29.989,-31.065,-20.932,-19.613,-22.924,-21.846,-16.112
17.116,17.723,18.265,19.258,22.353,19.872,20.65,22.439
41.767,35.821,28.198,36.129,34.574,35.109,37.354,26.442
8.5335,7.286,8.773,12.042,11.437,8.8725,9.9818,10.927
-16.281,-29.417,-26.007,-30.193,-23.685,-19.904,-19.279,-20.927
10.477,12.764,6.9553,11.896,15.845,16.15,8.6442,15.363
32.625,35.877,42.673,39.386,35.022,35.56,35.662,44.225
-34.331,-12.37,-29.264,-12.148,-26.306,-20.449,-20.123,-24.218
19.078,19.357,17.419,22.88,16.937,21.05,18.951,17.234
-21.518,-17.205,-23.417,-19.287,-22.014,-18.412,-23.594,-23.777
39.659,40.132,37.953,32.457,36.757,36.196,39.558,29.235
-23.204,-20.063,-21.564,-20.741,-22.176,-20.374,-22.25,-19.849
-5.0349,-4.8646,-4.8064,-4.7196,-5.2259,-6.6095,-5.2336,-4.9712
19.971,14.506,23.069,13.742,21.963,12.85,14.557,21.634
32.475,37.543,33.851,49.053,35.058,33.944,37.081,25.653
-5.9608,-5.3369,-4.5004,-5.1987,-6.2147,-5.0164,-6.41,-4.8127
20.628,10.57,25.951,19.754,18.842,15.531,21.273,15.91
10.54,19.356,8.7885,13.186,7.0295,9.4497,17.525,15.558
-28.274,-31.493,-12.421,-29.892,-28.605,-26.409,-23.752,-17.886
21.133,25.76,14.485,25.551,26.932,14.987,15.234,17.157
5.0054,7.3063,6.2634,6.0657,3.2152,7.4187,7.136,6.3798
5.9216,4.1925,7.3513,6.5222,8.1764,3.5211,4.5582,6.4454
11.061,9.2498,5.843,5.4383,6.2114,10.485,11.941,8.9199
-2.5608,-5.0705,-4.6104,-5.1859,1.1862,0.18472,-0.86139,-9.6583
-13.867,-6.5097,-7.4025,-12.351,-4.9885,-10.463,-2.2007,-6.9463
15.012,12.679,9.9541,11.29,13.328,16.387,9.3027,12.246
8.519,20.593,22.034,18.861,17.616,15.992,19.513,18.823
5.0399,6.9806,5.0264,4.8148,3.9976,6.0137,6.2666,4.7352
5.6072,4.4896,7.6227,4.6916,4.8859,3.2316,7.6309,3.5618
-30.719,-31.582,-22.19,-20.929,-29.057,-31.115,-17.236,-25.496
4.9589,2.3822,4.5996,4.8264,4.4794,6.1018,6.7912,10.079
-8.9147,-12.228,-14.072,-9.9758,-9.543,-10.054,-13.411,-12.792
-8.5538,-7.8699,-7.2453,-11.197,-6.145,-12.893,-7.0453,-10.521
8.121,8.2681,11.016,12.295,13.508,10.917,10.469,14.257
14.441,14.793,16.354,24.311,19.379,13.833,24.499,12.398
22.446,16.113,16.165,17.792,21.313,15.471,19.151,21.02
9.3811,4.4324,2.6609,5.0999,6.8941,4.8822,9.7747,6.61
39.4,38.015,42.473,40.01,34.533,35.519,37.574,35.761
-24.326,-13.307,-22.052,-28.402,-29.171,-17.303,-23.075,-23.466
-23.474,-18.216,-23.869,-23.309,-22.942,-26.535,-21.549,-22.542
19.716,21.249,19.57,18.534,17.936,17.507,18.261,15.956
14.572,12.464,9.5066,14.127,10.738,11.6,21.145,7.1519
-9.0795,-13.029,-12.047,-11.581,-10.564,-7.4363,-12.204,-9.6151
41.703,36.228,37.354,36.773,41.888,38.274,38.137,42.912
-13.595,-22.455,-32.283,-18.087,-29.664,-21.837,-24.945,-16.134
-19.423,-26.069,-17.781,-18.091,-18.428,-20.674,-20.345,-18.764
9.8143,8.0922,7.9373,8.5181,9.8009,11.396,8.8646,10.605
16.276,18.934,15.885,14.093,15.328,15.648,16.865,17.802
-9.0993,-6.6399,-9.3198,-8.2804,-4.2142,-10.415,-5.2154,-6.9385
-21.941,-20.24,-13.486,-19.418,-22.719,-20.012,-24.386,-23.376
-7.8791,-9.628,-11.666,-7.4757,-14.818,-7.6749,-10.831,-12.374
2.9121,6.9488,8.6821,0.10552,8.3038,3.7179,10.274,12.76
-7.3637,-7.8363,-6.6905,-7.0838,-6.2316,-10.124,-8.1315,-10.146
-20.318,-21.481,-14.884,-26.807,-29.585,-15.247,-22.76,-21.99
7.3146,7.1265,4.7635,5.5264,8.3142,6.4828,6.7428,3.6505
8.7591,6.9603,9.1276,8.5271,3.256,6.597,8.8373,6.1336
9.6107,4.9105,14.399,6.1657,2.4663,2.2066,9.9596,8.0298
-6.4579,-6.0833,-5.3012,-4.4483,-7.4344,-5.7665,-7.1069,-5.238
16.411,9.2196,9.5628,13.232,7.6636,12.952,12.863,17.6
8.9005,6.8003,3.0622,3.4134,9.6892,4.8261,7.1889,4.386
37.634,39.678,28.646,34.295,30.986,35.665,25.53,31.609
15.043,15.335,16.426,17.157,23.001,18.26,12.087,12.993
-11.599,-9.7558,-9.5161,-10.972,-7.593,-9.3414,-11.578,-7.1452
-23.445,-21.426,-22.196,-23.027,-22.974,-21.24,-20.574,-19.934
5.5147,4.5277,8.4507,6.1301,3.4547,4.6105,5.2144,6.0429
-5.3543,-8.4168,-8.2291,-6.1298,-8.0302,-13.671,-3.1647,-8.6137
-4.5925,-0.83004,-1.817,-3.2348,-6.9689,-0.21268,-4.7894,-0.64713
-2.3468,-7.4076,-7.8557,-3.8987,-6.1667,-7.7059,-8.2048,-6.5614
36.02,40.604,28.48,38.792,33.873,21.213,32.478,34.4
39.682,40.099,32.327,34.837,34.913,34.334,39.514,33.36
-6.6163,-5.1235,-6.0685,-6.2215,-3.5852,-5.3527,-6.2462,-5.9481
6.2271,9.889,12.525,15.632,10.516,8.6085,8.1969,9.0803
5.4564,6.3172,6.8045,5.6451,8.6212,7.1184,6.9805,6.919
9.9416,11.028,11.998,14.267,15.136,10.485,10.956,7.5708
-18.402,-23.021,-31.013,-22.518,-24.103,-21.385,-20.339,-18.586
-4.3723,-5.6067,-6.9125,-5.4733,-4.8674,-5.5338,-4.5394,-4.9812
10.244,9.57,6.6068,3.8486,11.886,7.1945,6.4154,6.3693
-27.928,-24.019,-22.09,-29.098,-31.408,-14.156,-19.16,-18.22
-5.7592,-11.524,-4.0144,-4.5545,-4.3736,-3.8235,-2.6436,-4.339
-13.094,-10.608,-10.858,-8.2088,-5.866,-8.9587,-10.127,-9.0692
20.325,20.133,17.785,20.118,17.856,16.098,20.027,19.696
21.911,19.654,24.468,15.717,20.525,21.006,18.073,23.287
-9.0909,-10.677,-4.6216,-8.9035,-3.8596,-10.765,-8.7729,-9.5865
-21.681,-18.95,-17.187,-20.66,-21.976,-22.68,-23.144,-17.327
-18.096,-19.285,-19.363,-22.348,-23.156,-26.043,-20.724,-20.794
-11.803,-10.715,-11.261,-9.3559,-9.9584,-11.15,-10.055,-13.725
-18.24,-15.994,-22.845,-18.168,-18.799,-21.619,-17.608,-21.335
-5.4064,-5.0697,-8.7307,-7.9799,2.7067,1.5321,-1.9751,-7.1431
5.2642,7.6117,7.8848,8.242,6.9381,3.8259,7.5205,9.151
-9.778,-10.692,-11.64,-9.2436,-6.2052,-9.5418,-10.195,-8.9571
5.4462,8.2605,6.6687,1.435,6.0619,4.8994,4.3113,5.4026
3.9655,6.9101,5.3653,5.9557,4.5955,7.9572,5.8246,5.4608
-5.186,0.0984,-0.99297,2.5446,-5.3206,-8.8875,-3.6013,-4.73
14.998,13.076,18.609,15.693,17.346,13.669,17.857,21.762
-5.972,-7.2876,-7.1642,-7.0949,-9.2559,-8.2065,-6.1024,-6.9363
3.6091,4.2219,5.0347,5.2945,7.2892,9.7697,5.7101,6.647
8.9025,14.706,10.744,17.066,11.072,13.876,11.556,13.878
8.1935,10.976,10.145,17.79,13.82,11.112,5.1047,14.532
15.393,20.492,22.048,19.212,21.093,17.025,20.836,20.94
24.767,21.427,19.691,17.715,22.105,21.837,19.765,19.173
3.4619,3.8249,4.0676,9.7153,9.3008,6.3572,6.6834,9.6032
-8.5276,-11.709,-13.404,-9.4796,-12.003,-11.082,-8.7531,-12.204
-9.6098,-8.1013,-7.6651,-9.3105,-9.8358,-7.392,-9.241,-8.7984
26.038,22.461,33.412,27.33,37.594,27.32,34.28,37.355
16.118,16.682,20.201,14.056,18.554,19.248,17.557,16.047
24.209,17.089,22.328,22.211,16.62,14.572,14.741,11.577
11.745,9.1272,10.582,7.4781,10.461,9.5823,8.5944,10.259
33.174,35.283,41.175,43.485,40.443,37.86,35.25,35.141
35.005,40.534,32.785,23.813,30.183,42.65,36.374,30.519
14.257,8.2611,13.333,17.918,7.9979,16.008,10.254,10.582
-24.704,-24.922,-23.151,-21.674,-18.717,-25.095,-21.778,-22.771
5.5576,3.48,8.6382,7.6127,9.0224,7.4175,6.9106,4.5444
16.113,19.663,23.553,20.776,19.116,11.713,15.994,13.701
-4.8357,-2.4509,-4.1377,-4.5547,2.286,0.34141,-2.139,-0.52752
18.511,18.482,16.185,18.01,17.989,16.596,17.17,15.916
19.045,20.7,19.477,17.963,20.911,22.546,22.272,20.605
-10.952,-6.0253,-6.604,-10.6,-7.4184,-10.029,-7.9214,-9.7161
8.595,9.882,9.9428,6.8405,8.9864,8.438,7.6403,7.9952
-5.0235,-3.7436,-5.3276,-5.1105,-6.6031,-4.6477,-5.3266,-6.0177
15.329,18.097,18.054,6.7665,12.707,11.284,16.032,14.382
39.262,31.635,32.682,30.204,34.035,31.925,38.736,38.976
-12.999,-9.1317,-9.6977,-9.6626,-8.8659,-13.483,-9.5532,-10.114
22.11,21.403,17.748,20.677,20.514,19.776,20.481,19.833
30.201,36.356,37.897,42.251,35.389,41.83,38.205,35.828
19.344,17.645,19.66,17.432,21.146,16.782,21.912,19.465
5.3659,4.6919,6.3756,6.9114,6.4448,5.513,5.5008,7.5466
-33.263,-30.854,-19.577,-13.444,-14.092,-33.284,-20.899,-22.903
15.22,13.012,10.653,10.12,12.917,13.469,11.149,10.356
43.273,33.696,34.287,37.274,36.873,36.044,37.816,36.636
8.3993,7.5968,5.0204,5.7684,9.1297,2.6319,5.3884,4.8132
-23.277,-25.945,-27.612,-20.894,-35.477,-25.045,-34.491,-20.703
7.2179,5.9923,5.6622,9.3108,9.3663,3.4556,4.0732,6.2089
-3.9699,-8.496,-8.4268,-3.8578,-6.6011,-6.5309,-9.9345,-6.5486
5.4009,3.7654,7.365,5.6474,8.0053,8.0403,6.1431,5.604
6.6767,6.0816,14.463,13.22,12.69,10.978,9.7352,16.381
-3.8867,-6.0073,-3.8653,-2.1688,-2.0162,-6.1222,-2.4235,-1.5699
13.438,17.926,17.186,15.765,21.798,11.346,11.583,9.789
12.266,12.536,13.39,11.671,9.8221,1.2386,12.674,9.3469
-18.943,-21.204,-22.542,-16.556,-19.777,-19.128,-23.238,-18.605
13.242,8.3202,10.441,10.715,6.0222,11.268,12.889,13.865
-13.671,-15.413,-6.7893,-14.449,-10.157,-14.407,-11.212,-12.963
12.751,14.874,9.865,13.837,10.756,13.587,12.12,9.6285
-24.272,-28.459,-24.15,-27.381,-22.859,-17.582,-18.668,-20.792
-28.163,-18.098,-19.12,-17.693,-21.153,-15.472,-23.211,-2.5488
-9.2815,-11.279,-10.978,-15.634,-13.408,-8.7512,-10.002,-14.236
14.331,21.083,21.188,14.011,13.139,16.25,15.83,16.502
10.108,12.285,11.644,8.992,8.7339,10.295,8.9943,9.2101
10.58,8.0926,10.387,9.6628,10.379,9.1496,10.89,9.4205
-5.0328,-5.751,-5.0624,-5.7647,-4.8016,-5.441,-6.2654,-6.9214
-23.12,-22.889,-17.984,-24.875,-19.764,-21.569,-17.724,-22.201
-4.595,-5.6759,-4.3051,-1.5885,-5.1642,-0.88727,-0.32945,-0.89391
30.004,31.798,27.198,31.02,33.997,25.465,38.242,36.351
-22.22,-19.237,-22.982,-22.612,-22.07,-23.584,-22.278,-21.075
11.854,19.082,19.344,7.4922,10.932,11.077,5.1559,16.167
17.393,9.858,15.692,5.3169,9.5591,18.612,14.096,12.486
-19.769,-23.785,-19.39,-20.833,-20.612,-22.954,-20.052,-19.388
8.9664,7.3105,15.632,13.215,12.996,7.5885,13.562,5.3058
-24.13,-32.962,-26.658,-21.292,-22.569,-15.308,-22.451,-19.386
-6.3295,-7.6117,-5.9787,-9.6717,-8.8242,-6.8946,-5.8365,-6.448
-17.9,-17.654,-17.764,-24.455,-20.319,-23.076,-22.99,-19.642
-4.2318,-6.9387,-11.507,-6.3922,-6.5213,-7.8878,-7.5352,-3.2762
-11.04,-27.792,-29.232,-17.972,-28.838,-26.242,-26.3,-26.574
-3.7879,-6.0502,-7.5866,-5.2362,-4.3034,-5.2807,-5.1999,-5.7092
-8.0056,-9.3513,-11.292,-12.584,-10.495,-11.365,-3.2591,-13.361
9.627,6.8907,7.3037,7.4843,7.6126,5.3433,7.1669,3.2139
7.4223,6.8902,2.703,7.1076,7.3701,6.3997,3.4014,6.106
10.668,10.74,11.276,10.256,9.92,12.948,12.031,10.842
8.3977,10.996,7.558,10.264,10.722,10.887,9.649,8.6935
9.673,10.794,15.945,12.506,6.0241,18.237,10.551,9.8641
35.002,31.209,32.982,30.354,23.799,30.422,33.977,24.666
8.806,13.636,15.806,13.802,9.7444,14.17,12.732,16.544
32.033,37.752,38.485,34.76,38.567,41.259,36.313,35.843
5.4945,8.5543,1.1956,6.8833,7.4434,-0.46087,11.868,8.3332
17.492,19.413,16.982,17.53,19.014,21.835,13.464,14.39
5.4863,4.0619,1.4569,5.1042,6.7649,4.3164,7.8913,9.4631
40.47,30.89,29.809,34.802,33.855,23.099,25.51,32.458
-16.111,-21.066,-23.549,-22.538,-20.209,-21.007,-21.028,-20.28
-3.752,-3.7214,-1.9046,-4.1205,-0.0018668,-6.0142,-2.0699,-8.5854
38.208,31.048,35.778,27.283,27.917,39.183,27.379,40.219
5.45,9.6458,10.231,8.7413,10.803,6.231,9.5891,6.3726
-8.3872,-11.355,-6.541,-8.2094,-10.998,-9.7879,-7.445,-10.127
15.316,22.393,19.158,21.631,21.396,21.61,20.766,19.546
-23.016,-19.777,-15.024,-26.92,-21.874,-20.55,-22.557,-24.854
43.295,32.645,35.753,37.373,39.863,36.83,40.988,36.825
-13.58,-23.599,-24.783,-17.049,-20.975,-20.602,-13.99,-17.355
-11.324,-8.1913,-9.4925,-8.8378,-11.829,-13.314,-16.981,-13.346
11.032,10.219,7.3658,10.288,12.193,12.411,14.862,10.815
-19.621,-22.471,-18.41,-21.236,-23.693,-19.971,-20.246,-21.508
-13.802,-7.1486,-14.127,-4.9088,-8.7352,-10.615,-6.8024,-12.546
8.8761,10.025,6.3707,6.8601,10.749,5.0773,5.4384,9.1401
-0.55043,1.9575,-1.6691,-5.6613,-1.5604,-3.2475,-0.23704,1.5834
-6.2584,-6.7231,-5.7346,-3.8079,-6.2196,-4.8217,-6.653,-5.445
-7.9104,-11.012,-8.8855,-9.0942,-6.3802,-11.686,-7.7768,-10.529
4.9939,6.1412,8.0895,6.0549,7.5801,4.5593,4.3291,4.5736
14.963,11.055,11.388,11.348,17.639,12.334,9.5251,10.184
10.33,10.809,12.455,9.3285,11.447,12.37,10.201,14.01
-2.5701,-1.6419,-4.5096,-4.2625,-5.0453,5.4828,2.1121,-2.574
9.5699,15.141,10.994,11.977,4.7194,15.088,20.227,17.579
40.138,34.403,29.753,31.418,32.826,34.095,29.85,42.822
7.2348,7.6545,9.494,5.9471,4.2114,3.2497,4.0389,4.3924
-8.5939,-12.315,-9.4646,-11.335,-12.002,-9.1768,-10.033,-12.484
-11.406,-9.8914,-9.692,-13.156,-12.183,-8.939,-13.347,-9.7246
36.21,44.613,40.877,35.829,32.129,34.085,37.689,43.421
-16.234,-21.799,-23.894,-25.406,-22.969,-27.133,-27.312,-15.266
15.034,10.793,14.425,16.762,11.034,17.152,9.3176,10.585
7.6217,5.6219,3.0192,14.269,6.7344,1.2157,6.4605,6.7115
-7.6495,-6.8602,-10.704,-7.1781,-6.1455,-9.5523,-5.1167,-7.6074
35.986,30.797,36.892,35.28,39.657,36.769,49.269,30.782
-12.012,-12.327,-11.166,-14.151,-13.511,-7.2071,-14.656,-9.8401
5.7476,5.639,4.1931,7.5813,8.1071,5.9481,3.9142,6.4944
11.497,11.267,13.332,16.314,14.864,16.792,9.1714,12.349
-15.521,-28.571,-22.908,-19.101,-15.606,-18.831,-21.467,-15.939
-24.907,-20.694,-16.713,-20.096,-23.347,-18.815,-27.177,-18.746
-22.547,-29.901,-27.238,-24.43,-23.512,-19.267,-25.008,-23.27
10.038,10.825,8.9935,9.4244,9.5123,10.117,12.043,8.435
12.401,9.9404,15.283,12.486,14.441,11.723,5.6118,12.267
4.2659,4.308,4.365,2.6715,7.0217,9.5631,0.95851,6.3569
19.796,15.253,21.213,18.56,19.415,17.932,19.128,13.133
21.824,17.962,20.201,20.62,19.96,21.198,22.203,19.386
-7.1234,-8.4033,-7.2822,-6.9122,-12.719,-10.986,-12.725,-12.382
-22.32,-24.789,-20.178,-17.436,-18.826,-13.847,-17.919,-24.669
-7.1892,-8.7836,-3.188,-6.0559,2.6247,-5.7363,-1.3081,0.19136
15.121,23.436,30.392,23.398,19.566,22.174,14.696,12.798
-11.209,-12.458,-11.21,-9.9002,-11.036,-11.185,-9.1601,-8.8774
-11.183,-11.775,-14.386,-9.996,-8.9339,-12.829,-11.811,-10.447
-12.673,-7.3894,-8.4836,-6.5476,-9.179,-5.9145,-10.073,-7.7446
37.273,32.404,34.15,41.687,29.428,37.363,35.298,37.738
24.073,16.915,20.231,20.619,20.281,24.252,22.167,18.601
-25.261,-24.998,-24.357,-20.471,-34.397,-16.484,-22.343,-19.61
12.189,19.979,10.712,18.985,11.631,15.643,16.481,10.585
-20.453,-21.947,-18.836,-19.162,-20.581,-22.655,-18.773,-18.839
-5.4587,0.16396,-0.99847,1.3194,-3.1863,-2.2652,-3.3542,-2.1228
6.0288,6.9417,4.5313,4.3557,5.1027,5.4936,2.7024,7.7366
-15.985,-22.846,-20.511,-24.409,-20.062,-26.137,-22.479,-18.338
-9.5901,-12.512,-14.353,-6.4235,-13.148,-13.513,-12.536,-12.667
33.375,42.819,39.358,36.412,42.786,35.868,34.635,36.382
-3.1136,-5.5635,-6.3917,-6.3339,-6.4221,-3.6436,-6.916,-7.1987
-20.21,-20.518,-33.481,-11.636,-27.446,-29.637,-17.976,-23.47
16.375,14.805,21.021,18.028,15.51,13.167,11.422,16.574
36.843,37.303,26.276,34.777,34.17,31.148,41.874,36.321
5.7643,6.557,8.127,8.5475,10.014,11.451,5.2268,7.5315
-18.862,-24.534,-18.951,-26.735,-15.75,-26.727,-14.265,-7.751
20.546,18.541,19.914,23.97,18.505,23.432,18.94,19.595
-7.6398,-4.0469,-6.3466,-3.5592,-2.1353,-5.1561,-3.9772,-7.3657
8.6612,5.6877,8.5991,5.2954,7.4623,8.0261,7.7391,7.7803
-11.021,-4.04,-6.1622,-9.4423,-7.7539,-6.7412,-8.2945,-7.5924
-22.01,-14.508,-22.22,-24.818,-18.968,-25.455,-21.656,-22.833
-0.5744,-2.13,-0.68237,-2.5398,-2.1639,-7.0939,-6.6629,-6.1722
17.466,21.914,18.245,24.532,21.787,18.168,23.569,17.151
6.5019,9.0737,3.4135,9.2828,8.4523,7.7469,2.9267,7.1485
5.4737,8.1692,9.1786,7.5472,6.3347,8.111,5.8283,6.5872
10.606,9.5313,9.7925,11.358,9.2549,9.6704,6.8901,9.4509
15.839,17.034,18.685,20.758,17.978,16.781,22.043,17.445
-3.8908,-8.8083,-5.2316,-10.124,-9.2143,-5.638,-3.503,-6.8412
11.45,12.459,9.4288,11.725,12.265,11.772,10.918,12.674
-12.032,-5.994,-10.727,-6.9702,-11.611,-11.522,-10.841,-13.184
34.164,35.957,35.842,33.181,29.352,35.901,28.227,31.705
35.985,33.279,29.722,37.32,34.02,34.877,31.164,26.371
10.007,12.12,6.6141,7.8161,7.0987,9.6166,8.907,10.161
18.375,16.337,17.338,12.68,18.025,17.783,19.568,20.739
12.105,11.868,9.5059,11.538,11.765,9.2097,8.4926,8.5807
14.59,19.885,20.007,19.426,18.721,15.243,19.057,18.122
9.1713,8.6954,8.9444,11.966,12.432,8.0167,11.199,10.488
24.401,36.149,34.852,27.535,38.955,31.096,34.223,29.601
-9.7801,-7.6029,-16.101,-15.565,-9.4037,-9.5586,-12.563,-8.2035
-7.017,-11.868,-9.0934,-6.2116,-7.9176,-6.0568,-2.1998,-11.897
0.87373,-3.8079,-2.8783,-1.1964,1.0145,-1.9513,-3.9255,-6.1231
6.1086,4.113,9.0903,4.6822,7.0746,6.169,5.0583,10.053
-2.5275,-0.80413,-2.1324,-4.0358,-5.0684,-4.2026,-4.3137,-3.8881
-5.4239,-10.16,-9.497,-9.2356,-10.418,-12.8,-9.294,-7.6982
-4.2878,-6.0288,-1.6311,-7.3898,-6.6329,-2.9842,-0.20978,0.90014
37.178,45.492,32.442,33.126,39.587,31.706,40.949,38.255
9.8214,10.547,7.7758,12.159,8.0929,10.488,8.7937,9.5048
-11.469,-8.8473,-6.5264,-11.09,-11.739,-13.052,-6.0021,-11.295
7.143,9.2475,3.1555,6.0896,4.9288,5.8498,4.3918,5.184
15.734,18.335,16.365,19.826,23.293,18.118,19.241,23.43
-14.297,-12.295,-10.269,-10.964,-15.538,-8.9463,-15.323,-8.1655
28.661,25.809,21.384,28.156,27.876,28.849,25.363,30.739
12.666,21.285,9.9473,9.5829,12.467,14.61,16.405,8.9989
3.5605,8.6164,4.5577,6.8279,7.9414,8.8927,7.0974,5.6933
-22.494,-22.995,-26.11,-16.756,-26.225,-13.963,-23.409,-14.954
6.6586,3.1139,6.8512,2.7716,4.6315,5.9178,9.2067,2.2836
-26.384,-19.518,-24.944,-17.673,-25.488,-18.956,-24.261,-13.964
-8.477,-11.07,-11.761,-10.672,-10.662,-6.8547,-14.59,-8.1986
27.154,36.095,28.198,37.951,43.242,43.82,36.423,39.993
20.196,22.046,22.224,18.152,19.841,24.195,16.168,19.213
7.2421,7.5951,4.1181,6.912,6.113,1.8242,6.7179,7.4318
8.6421,10.082,9.2067,6.9628,7.811,10.958,10.244,4.9184
8.1793,14.775,15.016,9.5928,10.925,12.121,13.087,8.1797
37.656,34.818,32.78,41.966,40.69,35.256,37.499,36.064
17.609,22.621,20.797,23.11,18.627,20.163,20.26,18.216
37.488,34.043,29.973,29.576,37.44,29.704,28.148,41.165
34.548,29.178,33.865,42.886,31.372,34.974,39.835,27.347
-9.4717,-7.7365,-6.7049,-3.1298,-6.4241,-7.3102,-8.166,-6.3679
26.247,33.232,29.061,33.929,24.969,40.543,35.597,33.742
35.809,23.79,31.078,43.643,32.853,32.542,28.349,39.103
15.021,8.7916,14.287,7.883,13.881,15.274,15.153,11.757
-28.715,-16.091,-27.115,-33.261,-31.084,-22.37,-25.921,-21.573
41.047,32.784,35.416,39.168,36.733,36.507,43.584,35.318
14.412,17.973,16.265,19.241,20.349,13.736,19.087,12.598
-12.944,-9.5596,-10.654,-9.4799,-10.786,-12.112,-10.668,-8.8338
32.082,35.608,42.89,41.422,35.282,38.302,38.332,34.879
-5.3776,-5.2265,-5.4953,-3.4894,-4.5919,-6.7018,-6.2654,-6.7583
4.3071,0.53274,8.4875,8.5713,9.1986,7.7048,8.4445,2.4651
4.3211,5.4026,6.0755,7.2674,8.1646,4.8198,5.7527,7.0852
41.571,34.527,37.579,46.218,37.549,40.06,37.101,39.291
17.114,14.726,18.221,13.296,8.7503,11.318,19.234,11.797
-13.769,-12.512,-11.294,-10.782,-6.3475,-18.442,-11.833,-11.88
42.525,33.981,46.932,31.372,42.224,32.845,36.686,30.114
-4.2777,-6.0937,-5.0018,-3.5309,-5.2376,-5.8677,-3.2393,-1.241
5.8633,14.523,17.945,8.0567,13.451,10.031,14.902,8.7764
37.097,35.164,36.783,34.427,33.597,40.405,31.676,34.885
11.779,9.2566,10.398,8.1766,10.062,9.5608,9.2307,8.5861
-10.456,-14.048,-9.7178,-11.572,-11.869,-12.022,-15.327,-8.4644
7.2178,6.8328,5.2056,4.6978,9.8051,4.9699,4.7045,3.5168
2.6811,4.493,9.639,5.0375,-0.60336,7.2254,4.6306,6.0673
6.7119,4.9742,3.2561,8.5751,6.4704,8.8008,7.1079,9.5328
-20.02,-19.649,-19.106,-20.387,-19.276,-20.453,-23.738,-20.549
19.436,21.406,14.765,18.034,15.954,24.399,17.333,17.577
19.55,18.815,20.168,21.502,23.709,19.224,23.786,8.7638
-13.247,-11.308,-10.485,-13.597,-9.5599,-9.4513,-15.31,-9.3183
-13.636,-15.893,-10.08,-8.5194,-7.8314,-11.562,-10.194,-8.9893
1.6931,7.7729,7.0841,3.9568,7.1715,4.3791,10.201,8.149
14.847,11.626,13.054,10.95,8.979,8.4209,8.5386,5.2531
8.2692,5.2202,10.978,7.8303,7.4414,11.429,3.3371,8.079
19.775,19.333,19.82,17.856,17.149,19.243,20.887,20.282
7.9416,7.2273,3.4347,5.6572,8.0114,6.0857,6.6599,6.9531
-5.3239,-6.6847,-5.6677,-5.4986,-4.0337,-4.5471,-6.1998,-5.5853
30.558,32.422,31.763,27.315,30.07,21.83,25.621,33.064
37.299,37.921,40.589,37.426,39.197,38.537,35.305,35.687
9.5347,11.185,9.842,13.138,10.014,7.4533,9.9113,12.235
-25.091,-22.092,-24.459,-23.596,-24.405,-23.875,-22.716,-23.502
-11.594,-11.075,-14.203,-12.027,-12.633,-15.898,-7.916,-1.4871
-8.6987,-10.358,-12.385,-14.882,-12.44,-7.1559,-10.361,-8.1757
31.912,32.016,32.215,35.088,32.244,36.345,23.422,32.862
-20.854,-21.449,-23.506,-21.892,-22.281,-23.75,-21.233,-21.861
-20.977,-19.194,-22.287,-17.214,-19.409,-20.189,-21.211,-22.316
13.057,8.8048,11.213,12.569,8.2265,14.891,10.824,14.841
-20.716,-19.128,-22.544,-24.835,-13.727,-23.91,-18.942,-19.835
14.846,11.749,16.083,14.309,8.2204,10.275,7.0979,3.6298
30.295,27.029,35.357,27.196,29.046,17.852,43.954,39.531
-3.8438,-6.3037,-6.3777,-5.3849,-8.5998,-5.0919,-5.8228,-4.8108
-10.597,-11.43,-11.423,-9.6459,-10.828,-10.899,-10.182,-13.643
-1.2396,-11.128,-7.9566,-10.604,-6.1466,-6.2967,-9.2431,-9.6854
-23.158,-21.087,-21.584,-19.126,-22.963,-21.655,-19.642,-18.964
-6.5315,-4.661,-5.4377,-5.5547,-5.0762,-5.2579,-5.4968,-5.8443
-12.309,-8.4163,-8.0528,-5.0059,-10.612,-10.363,-11.331,-4.6568
-27.631,-24.207,-19.851,-12.318,-29.617,-18.465,-25.333,-24.331
3.9925,8.2621,5.8779,6.4404,5.0279,5.199,7.3355,7.9271
14.809,14.507,9.5381,12.243,16.198,13.185,13.943,13.945
-18.201,-17.682,-24.694,-18.807,-18.055,-21.078,-22.277,-21.955
-23.976,-26.824,-28.312,-23.851,-14.361,-26.214,-14.862,-17.552
-26.348,-16.572,-29.522,-20.836,-26.279,-26.564,-31.849,-24.97
-4.7003,-6.0767,-6.0079,-3.7491,-6.2712,-4.1788,-3.9022,-4.1642
14.52,15.623,13.455,9.0292,13.106,10.124,17.165,12.502
17.154,19.104,19.312,19.73,15.997,16.396,20.303,24.296
-28.24,-21.952,-18.41,-18.249,-29.094,-18.401,-23.921,-27.544
-11.375,-17.048,-7.3781,-10.712,-11.672,-5.8223,-11.039,-13.708
-0.32291,-3.7093,-4.6886,-5.8545,-11.615,-1.7576,-4.2309,0.32683
-18.865,-28.533,-21.621,-20.534,-20.36,-13.969,-14.134,-24.566
-21.456,-25.334,-27.001,-22.587,-21.681,-23.339,-21,-20.937
9.1192,13.386,12.336,5.0684,12.088,14.766,12.302,12.593
6.8079,8.5516,2.7736,4.5664,7.0438,7.1504,7.8613,7.3809
40.807,38.246,31.575,29.655,41.454,36.717,35.621,34.737
-20.813,-19.402,-25.849,-17.666,-21.912,-21.575,-20.611,-19.071
-3.4186,-5.4154,-3.6184,-4.6814,-8.3228,-2.1817,-5.1305,-8.74
21.342,18.027,23.108,23.273,21.119,18.712,19.432,21.198
9.7209,9.0831,10.773,8.603,11.953,9.5861,7.4231,11.726
-22.118,-16.432,-25.758,-39.698,-13.286,-20.931,-23.641,-21.22
-5.5552,-5.8984,-5.5692,-7.3909,-5.4649,-7.0524,-5.6784,-4.6193
-5.4362,-5.045,-3.8146,-4.3846,-6.6677,-6.0384,-5.0643,-6.9059
-11.283,-12.762,-12.358,-8.688,-11.974,-9.8135,-8.7049,-10.683
8.2713,8.6398,6.442,6.0199,2.3025,5.2916,6.6204,6.87
-7.5722,-7.6654,-5.9571,-7.4748,-6.9762,-4.9382,-4.5846,-7.0694
-12.076,-10.041,-8.7978,-11.703,-12.879,-12.814,-7.2644,-12.352
33.917,24.586,25.887,31.977,33.573,33.259,29.465,33.774
-8.6578,-10.656,-6.7253,-7.1098,-5.7194,-0.63226,-5.8782,-6.8276
-1.9807,2.0313,-3.9141,-1.8201,-6.5812,2.2439,-6.3743,-2.1763
-4.5068,-6.5541,-4.6573,-4.0724,-4.7228,-6.6155,-4.8811,-5.5828
37.563,35.989,31.443,38.873,32.828,45.135,32.293,33.278
-25.048,-22.686,-30.659,-26.325,-25.548,-15.948,-23.879,-24.337
10.219,9.7006,9.1658,10.25,8.73,11.38,9.2377,12.382
9.2919,14.713,10.982,11.47,13.407,13.862,13.636,9.617
21.699,15.465,17.106,17.559,16.884,17.745,26.086,13.851
30.32,28.304,28.362,31.725,27.579,34.568,36.944,33.357
-4.5385,-5.9389,-5.8848,-4.901,-4.3807,-5.4706,-6.5283,-5.6525
-6.0845,-9.6275,-8.8713,-15.12,-10.151,-12.662,-10.13,-11.556
-21.964,-27.905,-27.89,-18.787,-22.278,-24.188,-24.534,-19.298
-19.013,-24.078,-26.702,-14.374,-23.648,-15.091,-24.072,-22.203
6.6547,6.6268,6.6374,7.2776,7.4029,6.1774,6.3028,6.2494
8.5242,10.321,6.3325,17.723,10.705,14.886,14.094,9.7087
-7.2299,-6.4374,-5.2225,-6.0591,-7.3695,-5.1325,-6.5444,-4.7711
-6.8347,-8.7668,-10.925,-6.8924,-8.4844,-6.7035,-11.881,-10.01
8.122,4.3222,7.1147,10.035,6.0096,7.1712,6.6501,9.0057
-20.383,-21.14,-22.797,-18.297,-19.559,-17.174,-20.766,-20.159
-14.214,-23.536,-24.094,-22.29,-23.015,-24.491,-12.31,-12.907
-6.1518,-5.9628,-5.3188,-5.8785,-5.6801,-4.163,-4.4782,-5.9059
-5.5224,-7.151,-5.8739,-5.4624,-5.3649,-5.7261,-6.5305,-6.9496
7.3665,13.17,15.491,7.668,12.236,11.887,10.589,17.991
9.618,17.513,15.573,9.6188,10.165,15.686,10.373,11.272
5.1074,6.4178,9.6686,9.912,7.1848,10.309,8.4867,8.994
17.27,15.359,11.76,16.566,21.577,19.231,15.734,13.035
16.95,16.878,16.368,16.499,13.743,12.735,24.691,18.76
-6.2769,-6.3584,-4.2497,-5.6768,-4.655,-6.1799,-6.5863,-6.1344
-4.6277,-10.441,-5.9423,-8.8917,-6.7149,-4.628,-8.189,-3.516
10.619,8.3619,12.063,11.172,12.227,13.523,16.098,8.4711
10.751,8.6213,12.746,9.8499,8.6664,8.4819,7.299,8.2532
27.663,32.188,30.511,24.265,28.383,24.174,30.445,32.633
7.0913,5.6006,9.2755,7.0051,4.0094,3.0664,5.6547,11.506
2.6565,2.0363,5.2569,10.116,8.0476,4.3642,8.2555,5.149
12.807,15.048,20.383,14.632,17.773,22.442,18.117,9.9474
-4.1771,-3.0209,-4.9286,-5.8578,-5.8122,-6.5796,-2.093,-6.0504
8.5941,9.1389,10.432,7.5367,5.0942,7.2167,7.3852,9.9815
-5.0405,-8.5085,-10.2,-5.89,-7.0184,-4.6216,-4.1763,-8.3854
-13.911,-24.011,-19.77,-22.663,-20.664,-18.376,-24.941,-20.344
-7.7654,-5.3735,-8.3148,-4.0677,-7.0119,-6.9835,-5.8087,-3.4503
-10.475,-10.651,-11.828,-11.891,-9.869,-8.0775,-8.8718,-11.626
12.97,17.967,17.432,17.437,21.517,19.333,20.287,18.158
8.374,6.5922,6.5164,11.009,13.447,11.973,14.477,9.8094
-7.6447,-9.901,-7.7482,-12.119,-4.4084,-11.641,-9.5752,-7.5629
41.092,31.448,40.409,40.365,32.371,39.921,33.717,33.12
-1.0827,-1.8282,-7.8519,-0.48443,-3.4889,-3.9205,-3.6111,-3.0726
6.3902,10.808,7.1301,7.3689,7.1793,0.49376,4.3669,4.7275
-29.561,-14.101,-7.6747,-11.483,-25.656,-21.287,-30.028,-12.625
29.403,34.011,34.189,41.682,34.947,35.292,36.067,35.671
-5.3034,-5.1246,-5.9634,-7.2572,-9.8463,-5.2796,-8.7544,-7.6646
38.941,29.462,28,32.321,32.821,23.649,29.784,33.03
-13.71,-28.326,-29.994,-23.994,-24.877,-18.789,-22.308,-20.509
-21.055,-21.497,-20.837,-20.683,-17.066,-24.566,-19.057,-21.464
5.1692,9.2235,6.8409,2.3984,5.5573,7.2496,8.975,5.0724
7.811,9.853,6.542,13.326,13.651,9.5551,12.729,6.9147
14.799,14.238,21.859,16.089,21.102,8.138,22.07,21.827
-5.5116,-4.3687,-6.4116,-6.3886,-5.4358,-6.1075,-5.817,-5.5116
4.7127,4.9624,7.505,5.8757,6.9841,11.27,2.0151,8.7106
31.9,39.258,23.603,25.951,38.635,26.993,29.967,32.009
-20.344,-22.347,-21.007,-23.801,-20.598,-21.981,-16.019,-21.922
-19.613,-21.712,-20.805,-21.005,-16.947,-22.125,-20.015,-21.984
-5.3364,-5.5433,2.4932,-0.24449,-4.4558,-5.9207,1.8488,-5.168
23.421,17.98,17.553,18.763,19.722,13.108,14.125,24.024
34.937,37.763,36.792,31.395,40.28,38.48,34.234,45.86
6.2201,10.307,8.7954,11.387,10.712,11.251,10.129,9.1009
-25.806,-14.292,-21.911,-18.637,-18.957,-22.139,-19.515,-32.248
-8.2542,-8.853,-11.827,-10.217,-14.786,-9.6404,-11.368,-11.422
-15.36,-29.311,-14.4,-19.372,-24.851,-21.797,-18.557,-24.876
-26.76,-16.929,-21.213,-25.775,-15.978,-27.22,-21.247,-26.966
-14.285,-23.326,-23.741,-20.457,-20.607,-19.259,-21.146,-21.519
39.253,37.11,38.306,31.971,34.448,39.533,40.244,38.264
22.091,30.872,36.835,32.924,32.151,39.814,38.116,36.989
-19.979,-20.973,-19.552,-16.102,-16.416,-25.942,-32.044,-16.856
14.886,14.584,15.238,15.688,14.13,15.391,17.922,13.757
35.479,39.76,33.935,37.054,37.155,36.067,27.511,42.525
-23.528,-7.1087,-14.258,-24.334,-22.803,-19.607,-18.255,-22.576
26.451,24.092,19.338,19.421,16.008,17.355,17.207,21.091
23.557,15.684,17.813,18.899,20.576,22.971,17.366,20.401
-1.0917,-7.4376,0.81423,-3.1097,-0.58107,-2.2666,-1.2627,-1.4045
6.2484,6.309,4.3054,8.1657,3.2056,7.1125,-0.95257,4.6938
-5.5657,-6.8595,-4.6766,-4.4972,0.94595,-5.4891,-7.5121,-9.4326
-28.317,-30.754,-18.03,-22.093,-27.718,-17.469,-24.851,-24.494
12.239,9.4134,23.109,17.883,12.312,14.594,19.099,16.254
-6.1928,-6.3076,-6.9446,-3.8019,-5.6169,-6.5788,-8.5723,-7.0219
-8.7536,-5.3731,-5.3087,-5.2483,-7.7779,-8.7845,-5.4347,-5.1851
38.437,38.724,37.365,43.298,45.042,35.291,44.431,33.603
10.413,8.8652,8.8689,9.0948,8.805,10.674,11.447,10.039
10.157,7.911,10.56,8.7638,8.5174,7.2684,11.344,7.0375
26.195,28.582,32.188,35.098,22.258,27.448,35.017,33.17
-5.6054,-9.4073,-2.7967,-3.747,-9.3392,-5.9351,-7.7202,-3.9535
-12.989,-8.3064,-9.4074,-7.1052,-8.7075,-8.9411,-9.734,-8.8314
6.9863,6.5859,6.6523,6.8457,5.6775,7.6046,8.4762,2.3987
5.0274,9.5272,5.8896,6.6983,5.8428,6.5785,6.7966,2.2748
16.764,12.375,18.067,19.764,15.373,18.988,15.157,17.181
16.623,18.616,22.333,20.367,21.847,21.073,22.506,22.222
31.04,32.591,32.576,30.608,20.269,31.735,34.359,31.555
-13.442,-10.285,-12.873,-10.038,-9.8629,-11.811,-10.918,-15.1
-9.5074,-8.3996,-5.7857,-9.2756,-8.9578,-5.6047,-6.5,-7.1326
-28.534,-15.668,-22.222,-25.31,-24.102,-17.034,-22.532,-18.284
38.427,32.051,38.08,38.458,37.356,42.989,32.698,35.249
13.632,11.597,10.378,14.907,16.435,13.729,14.341,18.606
34.695,37.6,40.211,32.891,36.581,42.225,41.582,44.329
-13.887,-12.183,-11.003,-9.2355,-12.522,-10.601,-12.489,-9.3103
-25.498,-21.772,-23.031,-23.379,-18.204,-14.225,-25.262,-18.16
8.9973,6.0277,12.571,6.8493,9.3413,6.988,8.8403,8.0079
-5.7924,-4.8809,-6.3772,-4.3966,-4.618,-5.1039,-5.5118,-6.1912
-10.402,-5.3733,-13.213,-9.9449,-6.5151,-9.6214,-4.633,-9.4911
-8.5227,-1.8956,-6.7985,-4.2068,-1.371,-4.6304,-1.0614,-3.0136
6.2889,7.6374,7.589,5.0498,4.6723,3.5043,7.5313,1.7234
-25.601,-21.818,-20.755,-17.173,-21.801,-16.297,-18.9,-20.859
19.063,18.155,14.955,17.348,20.428,18.496,18.257,15.877
9.8453,7.135,9.2238,4.8754,5.4847,6.2475,6.1076,9.5243
34.807,29.389,39.956,38.241,37.509,36.866,39.58,39.393
-22.11,-19.503,-22.981,-21.479,-24.602,-26.412,-25.705,-23.996
-8.1882,-7.862,-9.5288,-8.0462,-3.9706,-8.229,-7.8037,-8.3042
14.892,19.489,19.256,23.403,16.518,18.101,22.254,3.5888
22.994,18.095,21.045,19.495,20.548,17.782,17.928,18.922
-7.0548,-9.0276,-9.4803,-11.71,-11.514,-8.6065,-13.09,-13.626
-25.166,-20.235,-27.022,-18.653,-14.158,-28.173,-19.68,-18.166
11.421,12.796,17.846,15.378,11.716,12.083,9.9734,12.982
17.576,3.1052,12.053,14.545,16.528,8.7253,15.921,4.5142
-22.148,-21.984,-16.787,-22.32,-21.286,-18.748,-25.002,-20.9
9.8796,11.351,9.1214,10.351,10.08,12.994,10.508,9.9678
39.127,36.569,33.57,40.465,33.84,31.323,38.071,34.557
19.21,21.61,19.457,20.355,22.529,19.393,21.214,16.462
-17.709,-22.228,-32.924,-16.374,-29.21,-23.412,-13.81,-25.724
21.615,17.037,16.79,16.674,18.019,16.925,16.557,22.14
11.699,11.239,10.355,10.756,14.208,17.931,10.301,11.106
5.4694,5.8005,5.7719,6.6119,8.1613,5.7567,8.5043,5.1565
-20.407,-15.8,-21.306,-20.9,-18.604,-23.969,-18.23,-24.704
17.415,20.424,20.52,22.772,19.448,17.625,19.643,23.26
7.4564,10.46,13.833,6.0082,9.4089,9.167,12.153,12.057
11.111,7.8335,9.3113,9.1201,11.421,8.9692,9.0348,11.363
-5.2319,-4.9248,-5.4085,-5.0013,-5.1802,-6.2464,-4.1189,-4.0402
21.763,18.581,16.618,18.959,23,17.748,17.204,19.494
8.3652,12.86,17.415,24.639,18.617,18.205,14.396,15.779
26.881,31.202,32.099,42.277,31.781,31.177,40.086,32.321
-27.18,-18.571,-8.4204,-23.892,-24.41,-21.659,-25.333,-21.858
-22.171,-20.787,-19.545,-22.718,-20.554,-22.286,-20.073,-21.137
-10.221,-12.098,-5.2717,-1.8569,-6.2566,-12.022,-4.3338,-7.2806
31.624,41.742,37.714,29.208,26.061,34.441,37.431,43.318
-21.558,-25.691,-25.292,-27.742,-27.996,-15.251,-18.337,-20.132
-8.0702,-4.9456,-9.5009,-8.762,-12.625,-10.313,-5.7089,-6.2249
6.3237,9.2413,8.8366,4.3076,6.2089,7.3182,1.9042,9.4818
0.54652,2.4041,-5.8402,-2.3788,-0.13247,-0.25301,-5.9511,-3.6945
33.258,45.321,37.535,37.971,36.856,39.968,35.366,38.167
-21.667,-24.937,-22.165,-26.988,-26.271,-31.35,-32.042,-19.114
-8.4702,-15.043,-10.838,-8.8516,-12.549,-13.758,-13.306,-11.226
30.504,32.901,32.754,32.822,36.194,41.2,38.455,31.692
27.784,41.566,40.564,28.428,36.373,30.868,33.744,47.347
-18.802,-23.001,-20.003,-12.029,-27.516,-19.679,-22.793,-27.58
31.202,41.16,38.089,39.478,39.476,47.559,43.9,31.038
10.64,17.136,13.921,14.524,17.781,16.851,25.124,12.726
3.4006,8.0291,5.2765,5.0999,7.9406,4.5199,3.8967,3.1625
2.673,3.5813,5.5112,3.813,4.9541,3.1738,7.1565,9.3228
-21.519,-20.842,-17.714,-21.593,-18.437,-21.619,-20.286,-21.968
-9.8924,-9.0014,-9.522,-3.4265,-9.7322,-11.125,-6.124,-10.624
6.8303,11.364,5.7336,5.9012,4.8673,7.0911,1.7908,7.6818
7.8569,8.4538,7.8566,4.5046,3.8218,3.7932,5.7616,7.4764
-7.6811,-16.415,-9.3012,-8.3428,-5.4971,-10.245,-8.9635,-15.727
15.837,15.921,10.885,14.056,13.218,11.379,15.383,13.885
6.3233,1.7236,5.4825,6.1187,3.4981,7.4676,4.0716,4.0592
-5.3054,-5.7258,2.29,4.03,-2.0446,-0.8571,-0.94155,-1.131
8.1001,9.604,11.828,9.6725,9.5208,16.231,14.024,15.153
30.774,33.612,36.917,34.005,43.24,30.874,33.28,25.63
37.979,34.06,31.34,39.299,36.8,33.679,42.173,33.207
-5.5281,-5.1942,-5.4152,-6.0308,-6.8812,-6.1527,-7.3779,-4.648
-13.587,-14.204,-9.556,-13.295,-13.405,-8.9879,-10.861,-13.533
11.625,2.8527,9.782,12.084,5.4129,2.6172,9.0869,3.4676
21.02,20.511,19.171,9.1915,18.975,19.275,24.565,25.949
8.068,5.7062,5.7269,4.7674,4.6257,5.4033,5.021,3.2462
29.748,32.309,32.48,29.486,28.686,28.38,32.768,29.03
-2.3731,-1.9162,-0.57174,1.9044,-6.8932,-2.8198,-3.7058,1.1165
-18.698,-20.419,-20.318,-21.871,-20.789,-18.573,-19.307,-21.968
20.392,17.233,18.164,14.343,17.081,17.058,18.345,14.138
21.447,15.343,20.315,13.975,25.412,22.753,20.619,17.303
19.036,19.898,17.152,20.553,19.283,18.693,20.641,21.87
20.287,18.987,18.159,23.438,21.21,20.274,19.524,19.648
10.823,12.087,9.11,8.7691,10.094,8.3397,9.5134,11.125
-10.847,-11.268,-9.8216,-11.129,-5.369,-7.7209,-14.083,-12.013
10.681,13.297,6.4664,16.577,13.732,9.3749,11.325,11.244
-7.5444,-5.9877,-5.6535,-4.6563,-5.0022,-5.2509,-5.8005,-5.2667
18.519,23.371,22.497,18.486,20.002,14.371,20.99,16.902
-5.4225,1.6658,-3.5267,-6.6497,-2.2186,1.007,-2.5098,4.1786
32.501,37.524,38.155,42.078,33.589,34.401,44.009,41.065
19.275,19.037,23.929,20.003,21.458,20.998,20.543,19.728
-24.9,-23.939,-27.192,-18.724,-19.032,-22.501,-20.086,-25.059
31.447,37.605,39.59,32.983,47.382,43.079,41.398,39.914
14.834,11.103,10.224,7.4183,9.4703,7.8781,16.884,19.585
-4.9493,-6.2565,-5.7981,-5.0586,-5.385,-5.3251,-5.3045,-7.0494
6.5764,11.882,10.062,15.513,9.708,15.994,4.631,18.023
-19.932,-26.88,-20.282,-22.049,-27.676,-20.33,-27.028,-16.767
9.3141,6.4362,2.6339,4.5003,9.1963,5.4787,2.3294,6.6525
-14.696,-9.8678,-9.6132,-9.8701,-11.193,-11.217,-9.4706,-9.055
13.027,7.0351,12.709,16.896,12.514,8.8041,16.36,8.5448
-8.7297,-7.0214,-4.6897,-6.5024,-10.72,-5.2148,-9.9,-7.4286
-6.6772,-0.60861,-2.7592,-1.1404,-1.6225,-7.3612,1.32,-5.0246
-11.293,-11.252,-11.309,-10.584,-7.3168,-11.49,-13.182,-10.872
-5.4066,-5.323,-4.4914,-5.6947,-4.1384,-6.1232,-6.0913,-5.6092
-6.0382,-5.3725,-6.6896,-5.4561,-9.3578,-8.8009,-2.8391,-7.6537
11.162,16.92,16.35,23.854,18.694,21.147,24.11,18.252
6.9498,5.5713,7.576,4.5187,7.2417,10.032,1.1209,4.6455
-14.402,-15.609,-12.967,-15.353,-15.008,-7.9644,-5.5313,-9.2229
-28.821,-23.631,-17.019,-29.375,-21.145,-32.354,-21.969,-16.177
6.0128,5.6884,6.786,2.5735,3.1827,4.4488,3.2837,6.1034
15.696,19.944,17.279,14.061,21.562,20.085,22.996,18.756
15.54,17.64,16.788,14.652,15.118,15.829,17.73,15.729
-16.066,-22.737,-20.104,-28.666,-24.759,-19.972,-21.235,-25.336
17.15,19.19,17.813,18.371,14.327,17.177,20.043,19.608
-7.9736,-2.9563,-6.1145,-7.8864,-11.18,-5.7462,-4.341,-10.898
13.173,15.11,15.859,14.763,12.693,10.203,3.7618,14.163
7.1141,7.2701,3.5263,7.9298,1.8669,6.231,4.1854,6.1313
-16.131,-21.151,-15.644,-26.706,-25.554,-15.843,-27.895,-27.348
-14.094,-15.598,-11.121,-12.89,-13.618,-6.6665,-7.1669,-16.149
-7.1455,-5.1774,-6.0081,-5.5855,-4.5284,-6.5276,-5.5529,-4.8453
-16.169,-22.809,-19.381,-23.959,-20.468,-18.315,-21.835,-19.727
28.623,34.736,33.949,36.599,30.193,35.384,34.653,42.592
-11.931,-10.401,-10.147,-13.778,-14.059,-14.149,-12.598,-9.1467
29.67,39.743,34.468,33.991,31.313,37.505,35.118,31.402
-16.755,-25.232,-14.193,-22.194,-25.545,-11.883,-20.353,-17.171
12.456,15.79,14.953,19.917,23.169,13.127,20.988,15.491
41.271,43.572,37.576,34.975,29.707,41.615,30.094,29.033
-6.3679,-9.6695,-7.576,-7.8209,-7.7997,-8.1141,-7.8475,-4.5864
-4.8837,-6.3886,-4.8212,-6.6498,-3.9085,-6.979,-6.775,-5.9466
-3.9533,-10.19,-9.3451,-10.898,-5.6471,-10.33,-6.1745,-8.9198
-15.882,-25.228,-21.637,-16.381,-26.843,-27.402,-26.516,-18.752
1.0775,8.5018,12.651,5.9636,8.5249,5.9995,7.2311,8.2542
15.756,17.298,21.662,11.125,13.776,15.467,11.91,20.601
-10.766,-12.226,-17.584,-10.538,-5.5058,-9.5927,-5.9407,-9.2885
6.4588,3.9379,5.1374,7.6508,9.3963,6.8197,5.8802,6.6884
-25.908,-20.46,-16.77,-19.977,-16.577,-15.454,-16.997,-16.585
12.107,17.105,13.739,15.633,11.714,12.601,14.523,9.9819
18.617,8.1469,10.568,15.247,14.695,12.111,9.7152,12.774
-6.4478,-9.1488,-9.6088,-10.813,-11.208,-14.075,-17.006,-13.821
-7.897,-7.2626,-4.8183,-9.8275,-9.3317,-7.5695,-7.9058,-8.9669
33.197,34.087,37.273,33.064,45.493,41.783,36.579,34.02
-19.865,-21.354,-26.452,-22.905,-21.988,-15.696,-22.618,-28.408
35.898,39.142,43.915,26.832,37.487,38.203,44.425,37.589
21.313,22.173,18.618,23.357,20.522,20,23.13,18.412
4.2161,4.449,6.5872,11.907,8.0844,7.7734,9.9503,6.1715
11.45,4.2785,3.5338,1.0213,14.344,8.9595,4.9882,11.865
43.765,36.561,37.577,32.088,43.074,39.461,33.596,35.843
5.7006,8.685,5.2553,6.9192,5.5449,8.1467,4.2713,6.2024
18.24,6.8599,8.9053,14.112,16.806,11.639,14.89,21.487
38.176,32.585,43.585,35.721,43.844,40.846,42.667,35.645
15.744,13.834,8.266,11.989,7.5579,16.696,15.382,10.665
11.466,11.47,13.401,8.6208,15.935,10.216,8.5523,12.882
22.146,19.104,20.299,25.438,22.821,17.082,20.765,24.637
-6.3883,-4.8018,-5.1123,-5.7072,-4.9407,-5.74,-6.6035,-6.2846
7.3106,2.5562,5.668,5.8414,4.8463,5.3008,2.927,8.1667
9.8353,9.3627,8.4434,8.3278,10.177,8.683,7.8296,10.031
-21.1,-18.551,-22.124,-18.661,-20.237,-21.197,-22.09,-19.186
21.053,18.505,22.623,24.311,21.071,17.48,19.407,22.404
37.193,31.15,34.384,40.366,32.357,40.189,35.939,37.579
-27.96,-24.604,-31.194,-14.768,-16.011,-21.738,-11.722,-18.639
-11.78,-11.349,-11.766,-10.313,-8.5761,-7.8685,-14.046,-7.3844
-8.0454,-8.6757,-5.8178,-11.016,-11.539,-10.847,-12.464,-16.448
33.839,41.193,34.346,39.68,26.271,35.917,37.061,37.396
19.315,22.504,21.445,18.824,21.262,14.86,21.335,19.944
-11.167,-8.0238,-5.9851,-8.9164,-6.3979,-5.3065,-8.9595,-5.054
-9.1746,-7.4568,-4.7459,-8.982,-4.2804,-9.45,-3.5329,-4.2647
11.061,11.199,11.03,18.608,13.552,12.054,6.8345,10.252
27.281,33.805,24.557,33.199,35.41,29.724,31.278,21.745
-5.6223,-5.8002,-5.8021,-5.976,-5.1926,-4.8807,-6.1875,-5.6994
-21.505,-17.58,-28.771,-30.62,-16.179,-22.942,-25.604,-34.336
-9.5032,-12.28,-7.7842,-9.8058,-9.5376,-7.2129,-11.883,-10.039
4.5927,8.645,8.1393,7.0523,6.6336,4.677,6.9934,9.0617
-22.412,-26.344,-30.47,-22.568,-17.172,-25.037,-23.855,-12.185
19.669,14.877,23.53,15.38,11.364,13.426,21.155,19.581
-8.2654,-13.969,-11.265,-11.086,-11.107,-8.27,-10.248,-10.612
-12.092,-9.7914,-9.1785,-8.0791,-14.62,-11.224,-13.207,-11.021
-22.628,-19.764,-17.04,-21.185,-22.285,-19.185,-19.487,-18.879
-8.4541,-4.9076,-5.7328,-7.526,-5.1082,-5.0405,-9.6847,-6.527
-9.0183,-12.996,-13.556,-11.042,-6.5087,-14.974,-9.1288,-12.774
19.892,19.377,19.608,19.992,23.739,14.107,15.228,15.209
5.1898,3.5796,5.8903,1.9304,2.2301,6.9334,7.5433,7.7992
-13.011,-10.908,-11.897,-9.4136,-11.266,-7.984,-8.3888,-10.674
-7.0796,-11.933,-14.178,-13.314,-12.172,-7.0108,-11.733,-11.006
-6.2104,-12.52,-6.9072,-8.5153,-4.56,-10.137,-11.527,-7.923
-5.5858,-4.8543,-5.7815,-4.7953,-6.6783,-5.2613,-4.7524,-5.7577
-26.809,-18.515,-24.126,-19.152,-19.855,-22.931,-24.512,-30.923
-21.311,-18.834,-19.129,-21.325,-19.638,-25.412,-20.927,-18.541
9.64,9.5137,9.6605,10.175,7.0812,11.889,9.2763,10.033
-9.6167,-9.3491,-9.7497,-10.37,-14.338,-15.484,-10.342,-7.2157
30.138,33.376,33.871,30.208,20.984,32.707,26.025,24.683
-12.854,-11.19,-11.488,-10.498,-11.721,-11.176,-9.8098,-11.472
23.024,18.933,20.397,18.478,18.156,23.598,19.514,20.497
-4.0598,-3.3526,-3.3408,-1.5142,-6.9324,-7.1406,-4.5902,-0.81724
11.647,16.178,10.42,8.4373,13.295,12.934,13.075,15.285
37.078,33.854,31.863,35.807,30.593,41.935,41.983,39.12
-11.057,-3.7154,-0.77937,-5.4192,-3.5927,1.8545,0.46911,-12.512
9.5864,8.6619,13.029,11.787,10.334,9.8532,9.0306,10.239
-10.595,-7.3516,-7.1262,-12.308,-7.9363,-7.9794,-8.3565,-5.6509
17.631,24.261,21.318,20.574,19.586,21.819,18.142,20.661
-17.938,-18.121,-23.965,-17.389,-24.373,-21.456,-20.821,-21.347
8.3136,16.563,19.438,11.96,13.407,16.954,19.096,9.6567
-12.899,-12.952,-11.081,-10.308,-7.9945,-12.066,-7.8517,-14.351
-10.553,-9.9811,-5.2118,-8.1551,-5.349,-5.0297,-8.5971,-8.93
14.163,5.0679,12.291,14.012,12.192,15.518,11.221,14.653
-12.807,-10.197,-11.42,-10.186,-11.993,-12.556,-9.052,-6.8508
15.585,12.893,20.517,12.387,8.3066,17.072,15.012,17.271
23.229,12.337,16.792,21.435,23.322,14.618,17.731,16.126
23.686,19.919,24.295,20.984,20.66,22.989,24.211,22.078
9.6158,11.041,12.577,4.8565,6.0974,13.505,12.474,13.574
6.7028,5.1931,8.0399,10.41,8.6489,5.8523,7.8491,5.8272
-16.248,-26.634,-14.382,-26.811,-22.339,-24.508,-25.262,-27.466
41.063,37.688,49.932,39.066,38.654,40.682,36.649,40.466
25.452,30.532,32.306,28.779,33.762,26.94,29.11,31.008
-5.9741,-5.7979,-4.4918,-6.609,-6.572,-6.5227,-5.1041,-6.0913
-7.8133,-7.4393,-12.374,-7.5427,-6.2192,-9.6062,-5.9346,-15.351
36.996,28.424,31.589,35.814,32.273,30.33,26.059,20.376
-21.453,-21.729,-18.96,-20.566,-20.853,-19.208,-16.388,-19.3
-20.124,-20.07,-23.291,-20.449,-24.959,-16.449,-24.945,-25.964
4.1161,8.3031,7.2201,8.8731,4.9211,9.9504,5.5511,10.32
18.01,26.29,21.479,23.932,22.159,21.363,18.08,22.574
-5.0956,-8.5521,-8.0531,-3.5115,-3.0115,-7.1614,-7.4473,-11.828
4.3445,6.5534,4.9313,4.8588,4.5372,8.7428,4.8619,6.2583
8.0461,6.6362,5.1286,11.227,8.1708,9.9502,6.6478,7.0989
5.6573,4.7156,9.4805,7.6338,7.5153,3.8002,6.7756,4.8991
45.233,34.965,40.681,38.835,40.687,39.163,31.335,47.656
29.291,23.187,27.765,40.438,34.944,29.889,34.677,38.63
42.876,34.875,30.257,39.67,39.919,36.832,34.25,37.533
-3.7611,-4.156,-0.39472,0.93633,-4.5804,1.3465,1.2474,-8.0105
4.275,-2.1517,-3.6124,-3.4206,-1.2536,0.59858,-4.5027,-5.9004
-7.1701,-7.6697,-8.193,-5.8091,-4.5682,-3.9595,-3.1988,-4.6927
7.5414,8.4501,4.7002,7.5068,9.0737,6.1867,6.1824,5.8151
-9.0454,-6.8196,-4.1383,-3.8215,-3.4095,-11.05,-8.2308,-9.4486
-6.1598,-6.1719,-3.9951,-9.5028,-4.9558,-2.4936,-7.3032,-3.1052
42.632,38.986,40.223,37.773,40.035,39.102,35.456,38.429
5.9608,8.9767,7.5852,6.6334,6.8427,5.219,8.8174,8.0981
32.462,40.455,29.348,41.575,32.697,37.205,28.443,39.58
8.7982,19.372,7.0926,13.005,12.312,10.902,13.114,12.674
29.484,33.686,30.974,33.752,33.708,26.929,30.653,29.486
-6.0972,-10.578,-9.1669,-1.8956,-6.5904,-6.9856,-7.6494,-3.7057
1.8516,4.3266,6.0936,1.1868,8.0814,5.57,3.4056,3.4232
12.192,14.425,19.326,19.177,11.758,15.906,10.166,12.211
-8.7916,-8.7469,-6.7332,-4.4371,-5.9962,-6.6894,-8.2515,-4.7553
4.9655,10.041,6.2558,3.0399,8.0057,5.5689,4.1408,5.9274
7.5285,7.2999,4.779,8.8529,4.8789,11.807,8.0736,1.471
9.3505,11.95,14.558,17.075,17.449,11.617,23.233,15.094
28.53,32.337,24.749,34.623,28.282,21.463,33.921,34.083
9.5868,20.515,15.708,17.291,16.178,26.308,13.569,18.729
-8.2988,-8.5031,-5.8009,-5.599,-7.4532,-6.2414,-9.0631,-2.2965
6.2835,5.4176,5.1348,4.5482,4.7594,7.0866,6.5373,4.2556
16.721,19.593,20.441,19.751,18.239,19.71,17.175,22.164
21.098,23.782,18.065,12.985,18.907,15.642,25.49,21.434
11.765,7.7876,9.1166,14.81,13.558,21.893,11.355,14.303
19.016,16.796,25.667,15.667,19.827,18.998,21.778,21.257
36.96,39.424,33.32,36.286,41.035,35.957,38.493,38.892
36.367,35.227,34.45,35.265,35.609,38.124,36.539,34.901
14.969,12.601,14.137,12.364,12.609,13.414,12.757,13.595
-13.218,-9.5805,-10.458,-8.8711,-5.9729,-7.3865,-9.0936,-13.552
14.121,9.4976,13.424,9.9117,4.4684,9.8728,13.658,8.2488
-6.1475,-8.7043,-6.7923,-9.5984,-7.0403,-7.1663,-5.8357,-4.7475
-7.1031,-7.9689,-6.9048,-9.5815,-4.3674,-6.4502,-4.4464,-5.4152
20.311,18.683,19.036,21.514,17.511,23.131,19.743,20.489
32.365,30.317,34.892,25.772,23.55,33.871,24.125,28.27
31.209,34.756,37.644,38.292,29.04,30.496,31.074,30.842
34.82,28.275,33.847,31.027,45.573,36.982,39.841,31.789
39.993,35.613,39.42,37.022,37.149,37.424,34.075,32.332
20.13,16.239,14.719,19.266,22.069,9.3513,18.399,27.743
19.509,19.087,20.516,18.292,17.598,19.486,19.35,19.901
-21.509,-25.415,-26.026,-17.607,-16.924,-19.448,-26.279,-24.618
-8.8699,-11.13,-13.671,-9.4042,-11.597,-11.417,-10.173,-10.338
19.841,20.567,21.416,18.056,19.617,21.821,20.426,20.428
-5.2979,-1.9172,-7.6287,-1.0428,-3.8279,-2.0221,-0.077338,-5.1482
35.393,45.084,38.845,39.637,36.904,36.381,32.71,39.878
9.2625,9.3672,11.066,12.476,10.732,12.396,10.5,9.3625
-2.5865,-3.8062,-6.6083,-6.886,-9.114,-4.3407,-6.0594,-7.6577
-8.0384,-13.362,-9.2776,-9.6777,-13.06,-14.626,-7.1536,-13.57
-11.373,-6.3999,-10.428,-10.714,-9.5432,-9.1607,-10.762,-16.517
-9.1316,-6.5693,-12.097,-10.981,-12.079,-10.885,-9.8521,-12.311
3.028,2.8344,-7.5018,-3.0499,-10.111,-6.9568,-11.639,-7.2274
-10.909,-12.362,-6.1836,-14.187,-11.232,-12.593,-8.5027,-8.7712
-9.2449,-9.3516,-10.036,-8.9472,-10.512,-9.0894,-6.7398,-12.239
-21.5,-22.615,-17.759,-18.092,-22.353,-16.533,-21.065,-16.952
41.172,37.652,38.989,40.659,35.722,44.202,40.343,32.066
0.43409,-3.5089,-1.8665,-5.6898,-3.1878,1.0878,-1.9678,-6.2139
25.413,38.098,35.032,28.411,37.225,26.551,27.128,32.864
8.4936,4.5383,5.0961,6.821,6.4325,7.5369,7.318,5.1504
5.6882,7.4336,6.8025,7.2171,4.6315,6.2373,9.289,7.3971
8.4401,11.611,9.3426,8.0758,9.2587,9.483,8.412,10.443
2.9123,5.9102,9.1954,5.8089,7.1467,4.4453,4.5197,8.051
32.042,30.178,25.037,31.175,36.877,29.859,34.43,33.393
-18.332,-23.662,-19.823,-19.66,-20.743,-21.868,-31.07,-25.821
8.9402,11.226,13.479,11.174,8.3489,8.5566,8.5135,16.088
-14.185,-14.529,-11.102,-9.965,-8.236,-13.037,-10.227,-9.6544
-8.7684,-11.62,-9.8743,-16.277,-6.6144,-5.9137,-9.0977,-9.3328
7.9732,7.9646,3.0857,4.9925,7.1143,5.7726,5.5885,5.5148
-6.8237,-3.1126,-4.5724,-3.32,-2.7894,-1.8109,-3.1546,-5.015
18.16,17.765,16.13,16.525,17.291,12.91,24.428,12.127
-11.762,-9.7097,-11.44,-14.112,-9.0715,-7.8803,-9.8975,-13.458
18.583,16.077,20.895,16.017,16.831,19.436,15.958,15.109
8.4091,7.5307,7.8551,4.9974,10.259,8.1971,3.6299,8.36
-20.997,-23.153,-14.757,-27.584,-21.657,-18.499,-25.067,-16.545
16.908,18.554,21.139,19.482,23.149,17.991,17.42,22.508
29.768,21.776,36.999,48.324,33.146,35.986,44.51,34.634
0.20421,-0.26435,-8.868,-4.4408,4.7678,-4.2571,-5.3426,4.1517
16.129,13.342,20.61,17.845,21.415,17.883,14.097,14.366
37.991,37.896,32.855,36.233,36.184,40.839,35.544,40.471
6.7468,6.187,6.5639,6.6691,9.9137,9.3428,8.1878,5.1585
19.475,20.897,20.757,18.046,25.905,21.588,23.775,19.515
-19.284,-20.744,-21.206,-20.452,-18.688,-18.416,-22.188,-21.227
13.419,15.126,12.432,13.305,19.72,19.919,26.773,23.275
-2.2156,-4.0081,-4.7279,-4.1597,-3.3285,-0.75722,-6.4678,-2.5795
-18.175,-21.538,-19.052,-18.829,-20.207,-22.012,-22.657,-17.904
-8.1978,-2.8453,-6.9003,-5.996,-8.4186,-5.936,-6.1166,-4.5672
-10.957,-12.216,-9.5482,-7.1833,-7.2045,-13.768,-12.68,-7.4944
-10.662,-6.539,-8.9375,-10.287,-6.8327,-5.4178,-4.3228,-11.917
-7.5517,-7.8554,-7.7777,-11.509,-10.055,-4.0185,-8.2926,-5.8683
38.948,36.92,36.983,37.212,29.813,39.025,33.478,38.939
-4.8856,-4.4941,-5.5848,-4.2285,-5.447,-4.8503,-6.0799,-4.8052
35.647,26.507,29.352,31.29,33.031,31.998,30.115,31.184
7.7942,10.623,10.434,10.712,9.0922,10.182,7.795,9.341
-5.3741,-7.4339,-7.0039,-8.0305,-5.3068,-3.9313,-9.0748,-6.0675
6.4868,4.6877,10.025,6.3211,5.6827,4.4474,6.9786,7.3572
9.601,4.3388,8.4671,5.519,7.2892,9.4167,6.4437,7.6985
10.943,16.335,12.428,12.192,14.496,7.4393,15.933,20.662
30.535,23.668,30.738,28.149,29.267,27.403,25.554,31.669
9.8222,6.9301,5.9304,9.4425,8.2462,10.37,5.7727,3.0339
12.359,14.835,8.4776,13.374,11.061,5.2022,11.402,16.326
8.4727,10.915,10.116,10.038,8.4735,8.2979,8.8858,12.113
-10.02,-8.7714,-9.3613,-11.903,-9.4973,-10.208,-9.2332,-13.265
-11.509,-6.4702,-2.4446,-3.1855,-4.4705,-6.138,-9.4517,-8.1516
-23.154,-19.283,-12.957,-19.857,-24.393,-21.823,-19.911,-25.195
-22.502,-18.695,-20.904,-21.349,-20.055,-21.628,-20.838,-21.38
-24.039,-19.392,-23.695,-26.427,-25.533,-21.242,-22.168,-24.114
7.689,5.4388,6.6848,8.4917,8.6302,5.2287,5.4881,7.9842
27.639,31.368,37.692,35.143,36.267,30.596,30.185,24.196
-4.5301,-4.6847,-5.0918,1.0721,-4.0586,-2.8871,-3.8028,0.44409
18.712,18.784,24.695,15.341,20.816,20.036,19.118,19.797
27.064,31.266,32.869,21.84,32.679,32.212,32.326,34.635
8.2085,9.5657,11.573,8.7992,11.15,10.477,9.9484,11.233
19.456,10.991,18.467,18.237,13.081,18.82,14.745,14.542
4.0649,8.0815,6.4563,4.57,6.8391,6.6126,5.8637,5.3606
-28.038,-20.485,-24.08,-24.804,-20.11,-20.513,-18.462,-21.634
39.679,38.583,39.813,39.852,31.032,38.291,38.166,35.661
36.034,30.932,37.503,35.618,36.436,39.741,33.214,32.119
6.3951,8.5652,6.783,13.562,8.6928,8.6733,9.0624,7.8816
-24.389,-19.005,-19.918,-20.763,-21.872,-20.312,-22.535,-25.308
7.6181,10.638,8.9222,8.4081,8.1463,10.001,10.249,11.672
-24.029,-24.789,-25.314,-23.493,-25.685,-25.196,-20.241,-21.673
-7.6184,-10.586,-14.566,-9.7526,-11.815,-10.899,-14.348,-9.4991
-3.2965,-8.4715,-3.9101,-8.6454,-8.2483,-9.7843,-7.3599,-4.2902
-8.7677,-10.488,-11.846,-9.3939,-10.265,-10.845,-4.5869,-6.6172
28.08,32.936,24.319,31.615,43.895,35.01,30.61,44.883
4.7622,6.769,5.245,8.2137,3.3644,6.8547,4.2261,5.243
8.812,11.344,9.8796,8.0539,10.854,8.5113,11.84,11.547
-19.284,-20.791,-18.357,-19.851,-20.724,-24.14,-21.076,-23.391
-5.403,-5.4789,-5.4327,-5.5073,-6.2921,-6.0341,-6.5063,-5.5958
30.276,40.763,35.875,34.665,34.261,33.448,33.153,35.611
18.24,16.944,15.813,22.778,12.996,16.554,14.333,14.581
-24.678,-28.895,-27.442,-19.437,-23.848,-19.592,-21.522,-17.582
-10.561,-3.7153,-6.8952,-11.318,-5.4964,-12.825,-8.5105,-7.4016
5.6675,3.8391,5.3788,9.5757,2.4562,6.7348,4.9441,8.6262
38.415,40.738,32.753,40.195,34.751,41.781,33.471,38.621
-20.882,-20.458,-19.824,-20.871,-20.282,-22.656,-21.055,-18.486
33.397,33.1,37.838,41.45,32.676,41.962,35.222,39.313
30.294,42.822,30.675,31.735,34.385,45.623,28.107,34.995
-0.12358,-6.6149,-5.5234,-7.5639,-4.6445,0.51621,-2.3571,-4.4866
30.734,38.901,27.387,42.894,32.209,31.709,39.792,33.827
-6.2143,-5.2169,-4.8768,-5.7603,-5.0451,-6.3704,-4.8773,-4.606
11.022,16.542,14.829,6.6834,8.6168,12.915,6.8527,14.575
-8.9446,-5.8676,-8.8184,-5.2986,-7.7607,-8.1425,-5.6296,-7.4636
-4.5753,-7.1098,-5.2543,-4.3516,-5.6239,-6.2768,-6.3246,-5.1897
-18.381,-27.145,-19.35,-23.59,-12.077,-22.877,-19.677,-19.403
8.3315,12.1,8.9527,15.458,14.464,10.012,15.401,12.689
4.4634,6.2487,8.9325,9.598,4.4816,8.1439,8.0386,6.8389
-7.694,-10.98,-6.4867,-7.7894,-6.2403,-11.16,-7.2528,-4.5419
10.163,17.708,10.64,14.964,17.282,9.7678,18.192,11.383
11.945,11.297,8.4375,8.7111,10.842,8.9852,8.9227,10.998
31.545,31.444,48.366,32.557,29.474,24.4,28.452,27.991
-21.741,-20.292,-22.445,-32.847,-16.194,-18.895,-14.015,-21.877
-11.766,-10.204,-5.8758,-9.2982,-13.802,-8.2664,-10.57,-10.143
9.3901,5.4608,5.2945,5.3587,4.5653,2.7668,5.5891,9.5488
-27.371,-21.912,-22.027,-20.068,-26.582,-25.444,-20.466,-29.816
6.442,6.3291,5.5976,5.1841,11.863,10.228,8.6598,7.1127
14.859,9.5639,12.912,19.467,12.247,13.63,8.7153,13.61
11.758,12.387,9.2679,9.9098,16.651,11.857,12.896,7.9902
25.993,31.255,27.442,32.922,29.172,18.982,30.068,25.329
-1.617,-8.9148,-2.0156,-0.91046,-5.4431,-4.9953,-4.9159,-5.6997
15.164,11.205,10.43,7.7684,16.869,16.327,11.69,13.752
-8.64,-16.463,-10.252,-7.3561,-12.4,-7.6206,-8.3344,-10.469
-9.8155,-14.133,-14.323,-9.4839,-19.542,-8.6094,-13.262,-8.9683
10.86,8.1841,11.239,9.2078,7.7498,12.601,10.055,12.349
-5.4053,-5.847,-5.869,-6.4237,-6.9077,-6.1082,-6.2721,-4.8857
-9.599,-12.442,-8.7785,-7.3936,-13.506,-14.01,-14.159,-7.6498
15.764,7.3189,10.604,12.222,11.018,7.0207,9.5027,12.377
19.897,21.666,21.21,25.552,16.492,19.13,19.697,19.735
17.12,21.907,17.749,15.413,18.311,17.806,19.267,14.804
8.8777,5.5116,7.6385,7.4992,9.9332,9.5109,9.3671,3.0724
-6.2414,-3.8864,-1.6024,-3.2421,-1.5123,-6.929,-1.3695,-4.152
4.8178,6.262,3.5915,7.2412,10.885,4.0412,7.0812,4.8215
-24.492,-12.45,-12.868,-22.995,-11.128,-18.573,-21.037,-12.674
5.7923,5.9791,5.6185,3.5128,4.7607,5.6992,5.5609,6.9997
-12.594,-12.028,-14.11,-8.8296,-9.9043,-5.7139,-9.4091,-7.4163
20.932,20.2,15.242,19.421,18.554,17.374,20.705,19.56
0.068053,0.5576,-1.544,0.58702,-2.337,-5.697,-2.9548,-6.6806
-5.6821,-5.7272,-4.8516,-5.2192,-6.9036,-5.1105,-5.838,-5.9324
36.696,28.318,32.046,43.372,37.866,34.603,29.901,31.443
13.213,13.107,10.757,5.0777,2.8426,10.419,11.391,13.389
-4.933,-4.5866,-5.8321,-4.7239,-6.5714,-5.4648,-5.8766,-6.8542
-7.3868,-9.933,-10.526,-11.427,-13.127,-12.103,-14.011,-10.495
-18.695,-24.153,-12.382,-18.108,-26.158,-19.57,-25.272,-25.022
20.576,21.096,18.82,19.716,17.851,17.442,18.899,20.776
-5.5414,-5.9159,-5.1336,-5.9413,-5.7429,-4.7409,-5.0136,-4.9427
-10.082,-7.1845,-8.3514,-14.589,-11.048,-9.7727,-12.455,-10.815
4.7189,2.1683,5.7724,9.7056,6.5939,7.5932,4.0294,3.6565
-12.298,-11.992,-6.5367,-7.6645,-9.141,-7.4963,-9.3746,-13.524
-8.669,-8.5776,-5.8138,-7.7455,-9.5453,-5.589,-10.111,-10.003
-11.041,-3.9079,-10.644,-8.4992,-10.787,-10.613,-12.646,-7.012
-4.5671,-6.4375,-5.8157,-5.8481,-5.8149,-5.3393,-5.1105,-6.3758
9.3708,2.8291,9.3937,0.64752,6.8085,6.0943,7.5112,6.867
31.422,35.454,32.609,42.763,37.675,38.373,35.087,38.997
-12.971,-6.6139,-9.2005,-14.447,-8.7752,-10.373,-12.599,-10.574
-23.696,-22.986,-13.749,-26.464,-23.499,-26.712,-20.372,-14.357
-18.766,-19.904,-21.021,-25.443,-21.816,-22.323,-23.775,-23.032
-15.771,-25.808,-14.526,-26.954,-27.45,-22.591,-23.824,-25.184
8.2534,4.9225,4.2446,8.0311,10.25,6.8706,8.7543,4.5385
-12.397,-10.043,-5.2728,-8.5921,-9.1229,-7.1829,-8.7305,-7.5047
10.073,9.6177,9.8015,7.8498,8.6975,12.585,9.8942,11.382
38.278,35.51,47.626,42.094,41.458,30.67,38.56,41.852
-19.485,-12.598,-16.779,-19.091,-18.2,-17.415,-18.356,-31.181
-11.714,-12.34,-7.2244,-17.266,-12.224,-11.057,-15.016,-7.7539
8.5343,9.9828,10.662,7.9988,9.7843,8.4677,9.1532,13.545
29.554,26.635,35.201,36.118,37.757,34.376,22.601,35.579
-6.5686,-6.5887,-6.5948,-7.457,-6.8532,-6.2313,-4.9248,-7.3407
30.939,35.546,39.318,34.347,38.645,36.158,36.407,35.032
9.9581,6.5387,5.9326,8.673,1.986,2.631,7.9353,7.6646
17.963,19.686,17.56,22.265,19.951,22.571,19.876,22.615
7.8753,8.6408,9.0304,10.296,11.335,10.7,9.3812,8.8058
33.892,35.298,39.644,38.615,41.443,38.839,43.441,36.648
37.211,32.341,26.447,32.471,30.485,41.778,32.553,30.182
20.827,21.022,20.305,15.745,26.629,24.353,20.184,19.364
36.156,44.388,31.479,31.875,31.359,41.053,34.281,28.872
-31.092,-19.536,-32.448,-26.123,-16.747,-22.135,-14.39,-18.112
-29.451,-21.143,-13.739,-14.422,-30.346,-22.604,-15.662,-21.427
-1.3505,-4.3515,-2.8233,-6.6031,-0.041704,1.0423,-1.9901,-4.6487
-9.9192,-13.132,-13.607,-12.447,-10.816,-8.9622,-9.1522,-6.3727
-13.122,-9.4529,-9.9976,-13.821,-9.5001,-6.5707,-13.519,-12.807
12.986,11.72,16.296,14.086,12.861,11.903,6.6814,10.544
-20.471,-18.503,-20.574,-19.21,-22.67,-22.283,-22.244,-23.201
-10.661,-9.1085,-9.6193,-11.567,-13.357,-10.285,-8.5158,-12.661
6.8379,7.3036,3.7849,4.5084,5.0991,5.1664,7.3252,8.1757
2.8219,-5.6301,1.7679,-5.3064,-4.1369,4.0879,-5.6145,-0.96565
-2.2932,-13.231,-10.224,-7.2442,-12.528,-10.615,-11.647,-10.243
10.002,9.4506,8.5552,7.9257,9.1432,12.016,10.866,7.5443
-6.1679,-5.0346,-5.1404,-9.6804,-8.832,-7.9833,-8.0387,-13.275
-15.105,-23.108,-22.889,-22.115,-23.09,-24.087,-20.616,-23.383
-9.2419,-6.1771,-4.2843,-8.3202,-3.6357,-5.5107,-7.7504,-6.0002
-21.38,-22.852,-23.472,-23.949,-30.95,-18.316,-22.301,-29.373
14.988,21.608,14.314,18.563,21.4,24.772,18.717,15.34
36.732,37.954,37.9,41.77,35.396,35.799,30.774,36.936
43.642,26.701,36.253,39.446,37.568,35.175,23.748,37.535
29.927,35.145,41.747,31.416,42.9,38.495,40.529,32.893
-8.8849,-15.427,-10.112,-8.9148,-6.9867,-10.385,-5.9056,-8.7556
-6.4569,-0.91122,-3.1426,-6.1031,-5.0738,-2.7168,-6.4714,-6.7999
6.9386,5.2844,8.7518,3.4192,4.333,2.685,8.2707,6.3232
11.139,6.8164,7.8325,10.203,10.301,10.279,10.49,11.073
-27.845,-20.776,-21.517,-30.361,-20.142,-15.997,-22.511,-35.186
22.721,41.17,43.594,41.6,38.805,42.896,39.644,36.775
37.706,34.474,32.354,41.882,40.079,31.556,36.11,30.051
34.69,32.799,36.857,30.616,36.947,29.446,38.205,46.873
23.938,26.839,21.958,19.058,19.462,9.4075,15.27,14.879
5.8207,5.2683,4.7642,4.2218,5.43,7.1918,8.6672,6.627
-6.8265,-12.374,-13.373,-12.077,-12.582,-9.7829,-11.741,-8.5425
5.872,8.8916,6.6161,7.9544,8.8156,5.064,3.3227,7.2807
5.9981,5.7705,3.9864,5.9291,6.8835,6.4424,7.3828,5.8473
-22.787,-25.279,-19.962,-12.553,-26.642,-27.579,-24.478,-18.689
20.302,19.517,17.998,20.501,15.593,18.15,13.662,24.006
-10.403,-6.2189,-7.5952,-8.667,-5.7859,-10.067,-5.4036,-8.4764
16.123,13.526,13.153,10.425,13.191,13.519,8.4774,9.4458
15.172,8.5674,19.773,15.185,22.079,19.817,18.745,18.128
-8.1486,-8.9215,-12.25,-6.8755,-5.5026,-6.8007,-9.3687,-3.6619
-9.3249,-11.28,-7.7755,-13.142,-8.4891,-8.8079,-8.757,-6.6541
-4.6752,-4.1672,-5.9887,-5.0032,-6.1624,-6.6286,-2.1592,-10.115
38.148,32.209,39.145,44.79,34.313,36.415,36.901,33.582
9.8899,17.496,9.9694,8.1666,7.5633,19.327,10.588,10.639
21.438,17.691,13.23,17.912,18.717,24.451,23.25,14.91
39.601,37.025,33.067,43.344,32.116,35.794,36.553,36.522
12.236,16.729,19.192,17.602,14.179,11.602,18.009,19.186
-8.2322,-10.403,-6.392,-8.3775,-10.635,-7.6018,-6.8984,-7.8868
2.9916,7.3947,5.8692,1.3536,6.008,5.4635,5.5588,7.7448
-28.842,-22.479,-23.841,-28.586,-19.051,-22.09,-26.096,-21.657
34.509,29.855,33.813,22.321,34.237,28.393,35.576,37.326
-4.3387,-2.5885,-6.957,-2.9971,-1.6966,-3.5313,-4.7529,-3.1996
24.2,13.411,19.706,16.352,18.955,16.992,18.103,20.68
9.1154,11.332,11.386,9.3626,9.4685,11.741,10.674,11.278
19.69,15.521,19.824,11.497,17.62,11.347,29.495,14.286
4.1581,7.3661,8.6337,4.211,10.143,6.4231,2.3419,10.723
6.684,6.6682,8.4221,6.6004,6.9903,8.7131,5.6253,4.4408
7.9377,4.5735,7.9757,4.1568,6.4974,7.7033,8.082,7.9545
12.451,6.6518,5.4476,7.0121,5.1425,12.801,9.3499,8.5042
37.46,35.113,36.371,36.765,37.619,38.955,37.575,28.997
-27.135,-25.834,-27.345,-23.587,-21.958,-18.509,-20.409,-27.219
19.994,12.517,11.889,14.081,20.915,12.153,15.99,20.937
-9.8828,-9.5285,-12.21,-14.494,-11.619,-13.271,-10.84,-5.4522
-11.37,-9.0991,-9.5996,-10.198,-9.4106,-11.3,-11.535,-10.998
-12.114,-9.7515,-9.579,-15.823,-9.314,-11.944,-12.427,-7.1711
-21.226,-29.432,-18.866,-18.656,-16.452,-22.505,-15.148,-22.938
10.079,8.7939,10.196,11.046,12.504,10.58,8.4332,12.64
-5.5921,-5.4895,-6.2127,-5.3847,-5.325,-5.2988,-6.2203,-5.5
-6.3656,-12.874,-6.5323,-10.402,-13.896,-10.238,-11.336,-8.6064
10.144,6.4196,5.021,5.7085,9.4198,5.1845,4.1512,5.0158
32.976,27.057,30.544,24.997,29.682,36.62,38.653,34.672
-5.6469,-5.4446,-4.8825,-6.7846,-6.5521,-5.7393,-6.7079,-7.0327
-10.178,-8.5937,-12.635,-12.695,-14.525,-14.627,-13.382,-9.9209
30.481,36.487,38.965,32.284,29.859,42.8,42.092,39.572
-13.878,-10.105,-12.468,-13.347,-15.081,-11.304,-7.9965,-8.7897
-20.412,-22.213,-19.439,-22.452,-24.845,-20.319,-21.51,-17.12
-5.117,-9.3759,-6.3955,-9.3887,-3.5609,-3.6359,-2.929,-6.6911
7.1158,5.8671,7.0758,8.2771,5.8309,4.7824,5.6586,2.8456
10.202,10.045,10.201,6.5665,9.4591,7.0998,8.7055,11.275
7.8068,6.3531,6.5077,2.3641,9.3988,6.6049,8.5906,6.9164
-14.395,-10.674,-16.263,-7.0603,-16.77,-14.116,-9.4249,-7.7982
-2.3057,-8.1089,-3.4218,-10.085,-7.768,-7.9947,-7.7874,-3.4836
-19.216,-14.343,-14.313,-18.704,-19.517,-16.202,-26.866,-17.884
-8.6034,-6.7828,-7.4951,6.5997,-8.1174,-5.3269,-5.5358,-4.5864
15.564,18.247,9.1027,15.375,18.761,18.766,16.836,20.041
25.056,22.044,20.785,19.379,22.558,19.638,18.219,21.754
-8.1373,-5.4761,-13.635,-3.9172,-13.105,-7.3488,-9.3663,-9.0788
36.605,40.859,38.525,35.971,39.108,28.495,32.534,37.415
-22.815,-24.047,-19.469,-18.363,-24.381,-19.697,-21.093,-25.629
13.901,20.46,21.459,12.891,19.374,16.45,13.355,14.184
-9.043,-12.404,-12.579,-8.0982,-10.627,-10.652,-10.387,-7.6405
-8.5493,-5.036,-2.9997,-12.716,-13.643,-10.295,-9.7592,-11.084
26.597,29.876,42.019,39.993,32.31,25.705,42.263,34.499
18.17,16.542,16,15.056,23.54,22.8,13.762,17.331
-9.8917,-7.812,-10.628,-11.227,-9.4829,-14.048,-10.213,-8.4453
9.7948,5.9432,6.6613,10.187,3.4924,8.9809,5.6202,4.7159
-6.1542,-5.8089,-5.0428,-4.7766,-5.1366,-5.5905,-6.1727,-6.8194
17.215,19.086,18.661,20.57,23.214,19.556,23.88,24.721
-9.4992,-7.6852,-9.3124,-8.1511,-1.1036,-12.142,-8.9966,-5.2808
-18.727,-29.738,-21.975,-23.815,-17.392,-27.563,-15.465,-23.074
22.777,13.641,17.543,18.052,13.981,15.885,10,19.855
16.486,9.4129,15.77,3.8044,11.862,12.617,15.194,15.319
18.88,19.907,17.313,20.695,22.91,18.905,21.437,19.831
12.296,10.745,6.7341,9.657,4.0344,9.0127,12.85,15.05
-6.612,-5.6708,-6.3909,-5.4941,-4.5237,-6.2663,-6.6261,-4.6393
-6.155,-6.1152,-5.3649,-6.0471,-6.0951,-4.9557,-5.1584,-5.4836
-9.6264,-13.527,-9.2318,-10.996,-8.7674,-7.8207,-9.4711,-5.5256
-18.442,-14.232,-24.282,-20.443,-27.558,-26.992,-14.001,-20.592
-6.0586,-8.7949,-12.285,-10.321,-11.38,-4.2579,-8.1716,-7.7523
-6.0544,-9.8133,-6.5607,-4.8686,-6.702,-8.2875,-4.5208,-11.464
12.789,12.764,10.591,10.931,8.0558,14.426,11.944,13.778
18.048,15.541,12.171,24.076,19.092,13.501,13.81,16.616
-23.748,-22.344,-21.208,-21.653,-18.077,-13.831,-22.578,-22.734
7.7433,4.9183,10.743,7.5725,7.5653,12.684,9.281,6.4006
37.892,45.455,37.761,40.496,31.538,30.149,42.389,33.944
-18.306,-30.108,-18.661,-19.663,-16.827,-23.414,-24.739,-23.754
1.4782,-4.5292,-3.2536,-1.6094,-3.2194,-2.0208,-4.9853,-3.1437
21.265,16.237,20.672,20.41,19.266,15.773,21.41,17.75
29.136,31.175,26.326,31.048,30.725,34.827,27.328,35.893
-9.3383,-9.0275,-11.215,-7.2379,-9.6869,-8.3496,-8.8711,-7.8182
7.3002,6.5597,7.6457,7.6447,6.3585,6.0101,7.0017,8.1412
0.11588,6.8767,4.1318,5.9502,6.1729,3.5895,7.2094,8.7976
14.867,20.515,20.095,16.101,29.022,18.346,17.703,19.739
-19.489,-24.09,-24.438,-18.658,-19.798,-21.014,-20.83,-16.817
7.3864,8.0299,5.9967,7.1989,6.3328,6.1035,5.1996,4.0974
-23.717,-20.237,-27.755,-26.745,-23.311,-19.281,-16.279,-19.386
10.622,7.8045,12.863,8.4492,13.084,11.426,10.268,13.072
9.1485,5.4691,7.0507,8.3777,4.97,3.6008,8.8202,8.2931
-4.7805,-7.4567,-16.056,-8.6705,-11.503,-10.127,-11.925,-12.408
10.002,5.8311,4.1498,7.6036,3.872,10.502,8.0591,4.9034
11.251,9.7165,10.72,8.0453,10.041,12.521,7.9303,7.9998
20.952,17.395,18.204,18.726,18.374,16.786,20.308,19.938
9.3843,11.533,10.353,11.509,11.607,9.7302,11.237,8.077
9.786,8.3156,7.7607,11.068,11.411,8.7892,10.414,10.991
-8.0793,-6.0385,-8.8664,-9.7482,-12.056,-6.8163,-13.954,-12.949
-25.375,-31.202,-20.459,-19.579,-26.872,-22.592,-23.191,-28.153
21.99,20.182,20.771,20.248,22.145,19.895,19.957,20.357
3.5752,6.8726,9.4868,10.393,7.5868,10.468,4.3543,11.826
20.876,17.661,13.84,15.248,23.046,17.105,21.898,18.489
20.055,18.168,17.921,17.065,19.42,13.419,21.292,15.633
-18.102,-22.288,-21.052,-21.426,-21.331,-21.74,-20.932,-23.25
-0.74456,-9.729,-3.4461,-4.5194,-7.7539,-7.1724,-3.8209,-4.694
-3.4413,1.9942,-3.196,-1.5159,-5.3668,-7.7942,-2.7187,-6.3488
-0.624,-0.34641,-1.4434,-4.61,-3.8242,-2.4788,-7.0549,-7.4605
36.098,27.197,27.259,21.49,34.998,35.201,31.851,27.317
-20.845,-15.959,-20.381,-27.36,-15.373,-21.388,-21.74,-30.023
-23.349,-22.896,-25.1,-23.902,-21.049,-25.542,-23.188,-22.814
9.7697,8.596,13.932,11.439,11.689,14.251,10.188,17.684
-11.51,-15.052,-13.893,-10.548,-13.585,-9.1446,-14.936,-13.636
10.773,17.189,13.362,15.559,13.775,14.819,6.5187,10.522
9.9012,5.5683,15.387,8.6884,13.946,19.176,12.213,15.559
6.4923,4.5027,6.3956,6.1436,7.0757,6.6199,5.5994,4.1767
30.878,31.331,35.901,32.206,29.73,35.109,23.799,30.91
33.663,39.49,39.457,28.326,33.007,38.384,34.083,28.138
9.9847,6.9095,10.817,4.7066,6.9042,6.2835,9.131,5.1034
8.2546,14.732,14.333,8.9479,15.373,14.606,12.388,16.571
19.62,18.97,14.903,21.647,18.33,10.904,11.674,16.147
32.423,42.888,44.589,35.381,38.219,33.408,43.029,38.745
-14.286,-10.973,-8.3944,-12.238,-10.896,-11.921,-14.493,-8.4986
-20.835,-22.727,-21.844,-19.337,-16.439,-23.543,-22.486,-19.806
-23.159,-24.948,-32.974,-20.403,-18.347,-28.432,-23.632,-6.9851
31.582,32.334,27.768,32.695,34.791,30.528,31.485,32.425
-5.0475,-3.5379,-4.8293,-5.1977,-4.6104,-5.5818,-5.9706,-4.5834
36.488,33.118,24.935,29.625,32.515,29.19,40.336,37.375
16.181,14.811,7.03,8.6205,14.369,10.712,7.7858,14.569
10.278,14.828,9.1879,16.234,12.8,6.7723,11.855,17.134
-5.8238,-5.0879,-5.2476,-5.3203,-3.8301,-6.1134,-5.4402,-5.3582
-5.4789,-4.1299,-5.2207,-6.5141,-10.258,-9.6981,-12.632,-4.5268
-7.8157,-15.611,-14.336,-14.529,-15.148,-15.654,-9.1121,-8.7136
6.9773,10.3,16.215,15.336,14.868,14.891,15.719,10.282
15.002,10.485,8.7645,11.304,17.91,8.9181,10.828,13.676
11.442,12.17,8.2538,9.862,10.004,8.9944,10.989,9.8389
-5.3903,-8.9923,-2.6803,-2.6786,-4.1181,-1.4016,-6.3875,-0.86668
-9.4898,-9.9748,-8.9922,-6.1496,-8.4894,-8.6594,-3.8494,-8.3383
-21.843,-20.468,-22.044,-25.076,-28.905,-24.829,-22.485,-17.367
-7.009,-2.838,-9.8033,-5.3869,-5.4382,-7.3628,-5.0028,-8.3378
9.7083,11.883,8.8189,8.8105,9.3178,7.8104,10.095,12.039
-19.946,-21.291,-25.031,-20.163,-18.255,-19.13,-27.813,-27.605
28.176,27.703,35.161,31.719,36.55,29.977,37.712,31.732
-1.079,-1.6814,-1.4436,0.48301,4.5786,-1.6653,0.068045,-3.279
29.074,38.479,36.326,41.703,32.083,39.344,35.136,36.838
23.795,20.066,21.852,21.687,19.851,22.12,18.963,21.66
-9.0544,-10.993,-17.073,-12.388,-10.223,-10.952,-13.881,-9.339
-7.115,-9.949,-3.2127,-8.994,-5.157,-7.877,-9.5035,-4.7808
43.306,40.295,35.916,33.968,27.328,41.741,41.707,36.819
-6.843,-7.0607,-9.6561,-8.3577,-10.112,-9.3112,-6.5423,-2.2024
-7.0318,-9.9453,-10.076,-7.4029,-8.8913,-9.9762,-7.8128,-9.1226
18.994,15.46,17.987,20.435,21.137,19.174,22.105,19.341
-12.952,-9.7705,-14.261,-10.828,-6.5291,-15.588,-10.601,-10.475
-11.144,-11.203,-9.6127,-8.5031,-12.889,-8.7725,-8.3101,-13.803
10.781,12.718,10.126,9.4023,10.208,10.871,12.877,8.94
5.1823,5.3025,6.2088,9.2433,6.1457,7.6032,6.2796,9.9351
1.8657,8.9816,6.2403,11.721,8.9176,7.8002,6.0887,8.238
-8.3565,-4.9263,-7.3667,-4.7868,-8.2543,-7.7205,-8.2284,-7.5106
-8.8951,-9.6455,-6.577,-10.089,-8.0914,-8.5005,-8.3659,-13.037
7.9366,3.7818,5.4749,6.0596,7.2527,6.5491,3.7503,7.6381
-2.4623,-6.3023,-3.7627,-0.20482,0.15732,-4.8485,-1.6371,-2.073
38.188,33.752,34.131,37.814,47.358,32.386,36.738,39.333
20.027,19.939,25.591,19.879,12.955,16.901,22.554,18.305
7.2137,2.3999,5.0581,3.6037,8.8891,8.1631,7.8033,7.654
4.5674,2.7539,7.5555,6.086,7.6726,6.3903,6.7525,8.5639
5.3221,4.7536,5.8835,7.6487,5.2271,6.3755,8.2365,6.4153
11.064,9.0914,9.0248,10.345,10.277,9.3773,8.7398,8.266
2.3969,11.201,13.105,12.485,10.284,11.713,13.902,11.102
16.451,18.825,24.75,20.234,14.872,19.542,16.232,18.381
6.894,5.1589,6.4924,6.6444,5.8423,7.9067,9.046,5.6613
-1.6084,-4.7642,-6.3241,-5.0712,0.014548,-2.0844,-6.7916,-0.25908
36.518,46.142,34,41.965,35.876,29.556,44.616,38.679
7.4741,5.5992,5.8117,7.0677,5.6301,6.207,3.456,3.1146
7.4046,4.404,3.8402,4.9446,9.8752,4.6375,5.4592,2.349
-12.305,-11.546,-14.984,-9.2808,-10.6,-10.972,-11.225,-9.1483
-23.374,-21.84,-22.843,-13.176,-28.72,-15.874,-21.045,-14.986
-12.12,-9.7097,-12.656,-6.153,-7.403,-10.181,-6.5921,-6.267
-3.8125,-5.5654,-6.5534,-5.955,-7.4386,-8.6374,-7.9477,-8.6551
-9.6571,-13.866,-13.193,-9.3211,-11.454,-11.632,-11.264,-10.157
11.327,10.048,3.0275,20.957,11.58,16.663,7.3405,12.816
-24.083,-27.716,-15.883,-23.859,-16,-24.959,-17.167,-19.747
-11.4,-10.129,-12.444,-11.944,-14.479,-12.273,-12.102,-12.747
6.4042,3.1145,10.468,3.5583,5.0809,7.7383,10.75,4.1447
6.5234,6.9294,4.5123,3.771,2.4679,5.1597,6.6583,8.7778
-5.182,-6.313,-7.3082,-6.6969,-5.847,-7.6709,-6.4425,-6.5897
-9.0574,-12.49,-6.731,-10.107,-9.425,-9.5644,-8.5294,-8.7955
-7.7902,-10.143,-2.259,-3.0959,-8.2179,-12.033,-12.978,-8.2787
-9.697,-6.4235,-11.286,-12.471,-8.729,-12.712,-11.102,-5.536
8.3099,8.2739,9.886,11.068,9.2437,9.409,8.9996,8.3387
8.9128,6.5043,5.9404,4.5425,7.3851,4.7655,5.9428,8.316
-7.4265,-8.2961,-4.746,-8.98,-7.2885,-7.401,-4.0449,-8.4243
39.839,40.407,35.566,43.588,33.123,31.261,38.066,32.117
9.353,9.4177,10.974,9.9401,9.9047,9.8698,9.4785,11.004
4.6981,7.7299,1.1492,11.397,11.656,12.59,6.4574,5.0408
-3.8212,-7.2177,-5.1721,-5.9678,-5.4749,-9.0139,-0.14014,-12.421
-7.9794,-11.337,-8.508,-10.891,-11.02,-6.9374,-7.447,-4.2172
31.952,40.175,40.812,35.393,37.41,40.475,34.509,31.737
28.061,31.666,33.363,40.948,30.635,35.296,41.016,41.362
7.8645,2.2938,2.4841,4.5369,5.9394,8.1842,3.2968,6.4265
-5.4252,-2.178,-9.4838,-9.3959,-5.5849,-14.329,-9.6423,-7.0519
14.832,17.325,23.297,15.328,15.157,18.688,20.235,19.192
8.555,8.7867,4.0649,6.1884,5.5209,5.4476,6.6704,5.6346
13.023,15.996,17.331,9.858,6.7111,7.3717,7.7222,13.697
36.129,26.292,37.424,33.507,28.638,28.763,32.487,36.721
13.788,11.4,12.236,13.69,7.2954,13.618,9.0296,13.381
17.624,19.662,12.893,16.229,23.147,14.728,15.333,14.141
6.9224,8.3319,7.2419,7.0839,2.5874,3.5746,8.5884,7.1299
-5.5712,-4.7191,-6.3764,1.5268,-5.9176,0.6913,-5.4782,-0.15352
21.674,21.255,20.53,21.755,20.302,20.947,19.121,19.061
26.961,31.493,28.026,32.135,32.745,30.374,22.74,33.067
-19.737,-20.403,-21.038,-18.473,-22.363,-20.112,-22.819,-21.86
39.319,37.85,35.859,30.069,34.182,38.224,44.769,47.605
-16.534,-19.081,-23.724,-19.562,-21.211,-14.198,-25.886,-24.873
9.7049,20.224,14.69,9.8073,10.489,16.592,6.2842,14.161
-9.8476,-21.045,-20.103,-12.467,-20.2,-30.734,-13.211,-24.251
-4.5846,-6.9619,-3.8458,-3.5609,-1.1478,1.5975,-7.4554,-6.4694
13.688,8.1311,13.927,16.221,14.535,17.234,13.62,15.231
9.3896,9.5131,10.398,13.204,9.9674,8.376,10.09,10.973
-9.5338,-1.7917,-8.4244,-5.8467,-6.6091,-10.371,-10.105,-8.5815
29.349,20.179,32.239,34.869,33.981,24.897,30.99,36.646
22.409,19.399,20.149,19.989,19.138,19.147,22.068,20.686
-7.6592,-9.1816,-11.174,-11.84,-11.521,-13.649,-9.1238,-9.4929
-21.55,-20.174,-20.054,-18.897,-18.279,-20.815,-21.602,-22.21
12.506,9.9433,11.1,10.23,9.615,10.234,11.479,9.4076
5.9426,5.574,8.2311,8.5295,5.8302,6.0051,8.0538,9.7242
3.5151,7.6956,5.19,8.9658,4.7688,3.2916,5.5615,6.2086
16.971,18.518,17.769,18.184,20.985,19.815,21.523,20.736
7.6389,4.7468,7.255,3.2879,6.3605,10.514,7.3682,7.6018
14.339,17.993,16.137,19.199,18.435,15.932,18.71,20.652
-3.4296,-7.1645,-6.3467,-7.6562,-6.8567,-6.2062,-10.168,-6.848
7.5123,7.9456,6.6827,5.9776,3.7652,6.2487,3.0068,6.0515
32.322,36.472,44.18,35.477,43.85,37.747,40.369,35.665
4.3254,11.271,8.2073,4.4249,6.6573,6.7715,5.072,5.6892
19.254,25.255,20.828,16.847,18.733,20.937,21.175,19.309
-11.286,-12.152,-13.6,-8.9457,-12.109,-11.595,-12.507,-11.213
9.8896,9.2998,8.988,9.1536,9.4962,7.7687,12.244,7.8279
7.994,2.5498,6.1004,9.5543,7.8965,4.4234,2.6391,7.1067
8.069,4.3663,11.97,5.4949,8.5981,9.5525,4.8581,3.8332
19.095,15.035,17.919,11.726,23.863,11.585,22.534,22.514
45.824,36.553,35.391,37.95,33.558,37.553,34.142,38.302
-6.0347,-6.1188,-5.4689,-5.1333,-5.9617,-4.3054,-6.6702,-6.0495
11.762,8.9555,8.5488,18.649,9.6422,15.259,15.887,13.405
27.721,31.704,24.818,26.47,22.065,38.111,27.286,30.578
-5.6052,-6.415,-6.591,-6.2965,-5.0102,-6.8385,-6.2385,-10.867
8.5968,8.0603,13.601,7.1156,4.1771,8.3159,8.2179,8.8267
34.198,31.695,23.298,31.118,28.498,26.08,31.606,28.259
11.288,14.375,14.196,10.309,18.729,10.774,12.657,14.394
-7.3019,-9.5723,-6.7986,-14.554,-8.3965,-8.8059,-5.6182,-6.9571
18.884,17.084,19.109,13.742,19.902,10.797,13.783,16.971
12.436,17.097,10.488,10.534,14.775,15.916,7.1038,9.5391
8.1479,8.1989,9.5226,8.4062,9.8058,11.15,8.5746,10.928
36.737,29.427,35.482,27.429,35.412,48.283,36.768,40.962
-17.273,-18.565,-23.466,-31.446,-29.876,-21.288,-26.895,-20.946
-3.6511,0.58328,-7.808,-2.2467,-6.9889,-5.7904,-4.0254,-3.4694
7.2103,6.2776,7.9855,7.2579,3.6607,7.1357,9.4275,5.1203
11.697,11.656,15.493,13.519,13.662,8.1046,12.974,11.927
21.808,19.029,23.838,22.403,17.75,21.846,19.312,17.785
-9.6945,-2.7391,-9.5072,-3.7164,-5.1787,-9.2962,-4.4341,-4.8529
-27.724,-28.681,-23.24,-22.162,-16.645,-24.414,-15.963,-17.048
7.2416,4.1846,5.7715,7.3498,7.3866,8.787,7.1525,3.1379
5.5219,8.7129,2.7978,10.025,4.4837,7.0742,7.6568,5.8956
25.697,17.96,19.719,21.453,16.225,22.263,9.569,18.441
2.873,8.7218,9.5894,7.6762,0.085796,4.8475,7.1617,4.755
7.6578,4.556,8.8158,8.6565,10.875,6.3212,8.2326,6.5483
-24.283,-21.766,-21.666,-20.403,-21.563,-20.736,-22.334,-20.786
16.527,21.189,16.802,22.29,19.086,24.224,17.588,18.034
22.161,15.833,21.574,16.36,15.726,13.487,18.726,15.288
14.621,20.455,21.429,17.296,13.077,15.382,19.85,18.658
9.138,7.6758,6.1171,4.5428,12.289,6.4903,5.4927,5.5045
5.8946,5.1694,5.1022,5.135,10.233,8.3153,5.9931,6.0217
18.005,18.951,19.211,19.233,16.583,18.941,23.486,20.982
33.877,39.428,34.71,39.376,26.51,40.832,38.79,40.772
35.98,41.656,33.64,33.388,36.41,35.33,32.843,33.022
6.3707,9.1453,8.2724,6.5702,8.3418,5.9176,4.1475,6.3582
-12.193,-9.4078,-10.266,-13.32,-8.8698,-9.2673,-9.8658,-15.16
20.249,17.485,13.075,15.878,0.28873,7.4338,11.24,9.0683
-8.3611,-13.829,-12.052,-8.0648,-9.9989,-11.685,-12.464,-13.537
-12.832,-5.1945,-12.245,-12.299,-10.582,-12.46,-7.6405,-9.0023
15.874,10.094,7.7719,14.484,15.134,11.547,6.7424,10.667
9.1565,6.4507,2.2573,11.568,3.2464,8.0927,6.8939,4.2499
41.215,31.454,44.172,41.313,36.047,28.405,33.045,38.32
45.858,38.362,39.249,38.36,33.036,37.437,39.421,41.69
12.368,9.4074,7.4405,12.639,12.07,13.421,10.721,16.123
12.845,11.652,16.588,7.5727,12.76,16.739,7.5592,11.252
9.901,8.3659,9.9635,6.4447,7.4387,7.5644,8.5179,10.862
-17.788,-20.546,-19.91,-19.063,-22.569,-23.417,-19.332,-19.444
41.149,33.117,37.747,34.117,32.98,43.225,42.29,25.767
28.71,36.685,31.864,23.153,26.875,34,29.622,31.101
-6.0289,-5.5032,-7.0028,-6.8468,-9.2259,-7.2071,-7.8667,-6.0694
-24.45,-22.947,-29.886,-28.239,-28.532,-25.814,-15.07,-26.352
-19.021,-18.504,-20.265,-19.137,-19.114,-16.571,-16.723,-21.494
7.5173,12.189,9.9625,9.4924,9.9044,6.4441,8.7418,12.128
-6.311,-6.0766,-5.9754,-5.9712,-5.3613,-5.3111,-4.947,-5.6802
42.752,39.048,33.117,34.051,40.085,35.922,28.346,31.159
-7.9469,-7.8804,-10.895,-11.081,-10.068,-5.3595,-8.5824,-11.911
22.216,20.262,18.199,17.39,22.206,20.076,18.276,19.161
-6.7059,-5.5455,-5.2756,-4.8298,-5.3962,-5.2267,-5.1503,-4.9554
11.879,10.141,10.503,16.276,9.6429,12.864,12.406,15.145
14.506,11.188,11.468,10.133,12.325,10.635,8.5808,11.944
-22.079,-25.628,-22.719,-23.521,-15.676,-32.634,-17.887,-15.871
21.189,17.854,23.735,18.924,20.278,19.316,19.861,26.443
12.956,9.1736,10.165,13.012,9.9739,14.154,12.54,13.59
6.6081,3.8465,4.3312,6.8027,9.6592,5.2237,9.954,7.4485
3.6569,8.2661,5.9147,7.7969,7.0518,9.0459,11.663,8.7071
-6.2038,-5.0348,-4.1737,-6.3647,-1.7849,-6.9486,-6.2984,-6.6899
10.472,10.875,9.437,9.0898,9.0162,7.2862,9.5578,9.8263
38.658,40.924,41.73,40.066,39.761,42.097,32.111,47.65
-5.6648,-5.7864,-6.6824,-6.0763,-5.511,-6.3753,-5.754,-5.3968
18.339,25.501,13.165,22.246,15.509,22.02,16.134,12.284
-22.712,-21.456,-31.911,-24.336,-15.606,-16.66,-21.794,-21.017
-19.42,-19.747,-23.246,-23.969,-23.491,-21.997,-20.348,-18.925
-11.555,-16.021,-11.097,-13.438,-10.383,-9.4631,-9.7032,-13.904
-15.066,-8.182,-10.842,-16.283,-11.405,-12.298,-14.068,-11.18
17.429,18.193,13.25,19.549,12.947,21.643,20.802,17.414
19.904,19.311,16.832,18.882,22.885,21.015,21.689,19.009
-18.971,-18.058,-21.323,-23.379,-20.908,-17.637,-19.142,-17.416
-8.2218,-11.23,-12.321,-8.9989,-7.9321,-9.0497,-5.4586,-14.316
7.8674,6.2459,6.4456,5.2952,1.9037,3.5979,8.6775,6.8474
17.867,17.322,18.432,24.689,15.879,21.127,19.628,18.918
-7.3731,-9.0983,-9.5896,-12.197,-13.351,-10.805,-8.5859,-9.9492
34.147,37.996,29.013,29.98,30.036,33.911,28.793,27.887
6.7041,9.1556,8.1734,7.7681,10.658,11.705,11.02,6.3015
-9.7479,-2.6026,-7.9944,-7.6488,-10.745,-5.0827,-6.2637,-11.654
19.283,21.294,22.319,21.971,17.684,18.158,22.398,20.95
-6.209,-11.826,-13.206,-6.5926,-9.2007,-16.325,-15.15,-13.165
14.139,23.568,16.34,17.692,15.762,13.26,13.536,18.61
10.409,11.244,16.672,19.296,16.314,11.942,3.4528,3.9058
-20.279,-19.895,-23.849,-25.61,-15.453,-35.831,-18.325,-17.403
5.8912,5.9483,5.0517,4.4089,6.1962,5.9911,6.8256,4.0818
-34.194,-23.445,-26.429,-22.984,-11.033,-26.254,-14.981,-19.659
0.3058,-5.0527,-2.089,0.85161,-4.1652,-6.3905,2.7165,-4.3561
5.4749,5.6224,3.5868,4.4365,4.2942,9.3368,6.391,9.1206
19.45,17.28,15.915,20.718,19.165,19.995,18.181,19.012
8.3109,5.5825,4.2554,5.2384,4.8094,9.4227,10.171,10.559
2.0438,4.6154,8.5162,4.0211,7.3269,4.877,5.8752,5.9435
23.405,16.011,17.267,20.269,14.91,18.939,18.825,20.837
0.059846,-5.1752,-0.83016,-3.9862,-2.0014,0.48822,2.2474,0.80341
24.872,22.14,24.928,15.764,16.231,19.758,14.416,24.002
9.142,5.5573,10.047,8.39,14.371,12.958,6.9686,8.9614
-8.3311,-12.115,-8.8954,-7.4331,-5.3822,-6.435,-1.1813,-12.84
-7.993,-6.7063,-6.8851,-4.3816,-6.869,-7.4796,-7.4685,-11.692
-7.6192,-5.1647,-11.349,-10.37,-13.86,-11.006,-8.4753,-9.4959
35.683,36.198,37.944,36.137,20.043,36.862,35.109,38.281
-10.65,-10.584,-13.711,-8.1648,-10.885,-8.7632,-11.993,-6.1764
5.0724,9.2888,3.3292,4.1665,8.3967,1.7336,2.3021,3.0855
37.298,36.096,42.062,41.499,36.012,40.668,34.482,34.292
10.218,10.047,11.284,15.57,17.086,12.005,14.391,15.693
-9.9236,-11.793,-7.7724,-7.0932,-4.1467,-3.0062,-9.4903,-8.99
-8.3782,-11.808,-13.753,-12.676,-12.071,-10.347,-8.5883,-5.1365
-5.4379,-4.6131,-4.108,-7.2435,-5.3738,-5.1854,-7.9925,-4.9998
5.2138,3.2008,3.7667,6.8036,7.4813,5.3615,3.1849,7.6126
-10.212,-12.282,-8.7705,-7.5809,-15.748,-6.6036,-4.6482,-8.1953
37.596,33.041,37.073,35.992,27.348,34.614,25.048,37.496
15.597,20.321,23.596,20.198,16.494,11.852,23.518,21.595
38.431,28.73,42.972,30.612,34.611,32.763,32.789,30.262
-21.051,-23.78,-14.349,-21.482,-25.932,-22.697,-22.707,-30.421
-12.883,-10.771,-11.29,-11.126,-8.5119,-14.016,-8.4186,-9.5155
-5.7391,-6.8016,-3.1325,-5.9696,-8.2385,-8.2202,-6.8895,-7.4163
-19.571,-25.077,-28.813,-28.298,-28.808,-25.562,-27.608,-25.985
-10.294,-4.4075,-6.3776,-9.5296,-5.1461,-3.9729,-5.113,-10.16
-19.283,-20.347,-18.995,-19.412,-22.395,-19.558,-16.31,-21.348
-21.811,-24.103,-22.349,-22.158,-23.846,-20.775,-20.517,-20.297
-10.633,-10.925,-5.036,-8.5496,-8.2744,-12.869,-8.0366,-11.811
-6.6589,-4.951,-6.6073,-6.2508,-6.0912,-4.2388,-5.3,-6.7923
11.571,3.2935,12.611,3.7768,6.9539,6.5222,9.6027,2.6297
-8.4153,-5.2015,-13.097,-13.647,-13.363,-16.983,-9.5548,-7.7948
29.015,32.826,31.759,28.657,34.706,31.013,33.026,34.256
14.447,8.9982,17.719,17.628,19.564,21.13,13.904,9.5321
-10.223,-11.589,-4.8658,-5.8208,-14.699,-13.093,-17.355,-12.93
10.315,10.192,14.197,13.974,10.328,12.383,14.812,8.5748
37.672,45.089,40.579,42.92,38.013,32.786,34.176,32.993
15.74,13.605,12.904,11.899,15.275,8.5235,16.445,13.563
7.2782,5.5132,3.8099,6.3468,4.5522,8.19,6.7558,7.3075
-13.665,-10.974,-10.506,-11.719,-14.737,-7.7794,-10.209,-7.6448
38.403,33.683,30.005,36.203,36.527,33.021,33.995,40.945
13.181,13.032,17.463,21.077,21.171,16.776,18.366,18.614
13.985,8.7614,17.516,17.174,16.417,8.4428,8.5901,17.995
11.049,11.613,11.907,15.685,8.165,16.951,8.0789,2.9118
-24.229,-22.139,-17.617,-22.625,-21.395,-20.923,-18.499,-22.021
6.4904,9.0621,14.962,14.425,12.412,11.215,14.041,11.807
12.152,5.5651,9.565,16.153,6.5579,21.102,6.3111,15.103
39.967,37.008,36.019,38.485,33.424,32.584,26.129,30.605
17.306,15.179,14.201,8.3427,15.072,9.6909,9.3959,10.38
-26.51,-15.305,-20.328,-27.786,-20.468,-28.511,-38.729,-22.152
-7.3769,-11.065,-7.6292,-2.7573,-8.7422,-5.5856,-10.18,-8.6492
40.296,30.211,36.559,43.785,33.99,40.035,37.731,35.112
-14.301,-18.232,-21.123,-20.628,-19.632,-20,-20.57,-20.573
6.0196,13.87,11.057,8.7188,11.269,16.094,11.124,10.725
-14.115,-26.978,-14.326,-9.9591,-16.94,-23.674,-30.207,-22.977
7.1538,4.6882,7.8362,6.1596,5.9453,12.823,3.9949,5.3854
-14.264,-24.857,-22.544,-13.887,-19.439,-15.035,-25.624,-19.183
-4.877,-5.7782,-4.8179,-4.4835,-5.7279,-4.8916,-7.1541,-5.5503
23.687,20.629,17.543,22.014,13.499,19.854,17.885,21.673
10.276,9.5306,12.398,12.189,10.347,11.264,11.604,9.9508
11.423,10.708,13.54,11.089,8.2158,16.742,10.603,14.862
9.0338,10.917,16.423,5.421,11.272,8.004,11.886,12.661
-6.5459,-6.4407,-6.1939,-7.6869,-7.0653,-10.61,-5.5201,-9.1148
-4.7098,-2.184,-1.3791,-6.5031,1.1141,-4.8802,-0.64332,-3.3988
-24.153,-26.539,-20.129,-16.383,-20.669,-19.501,-23.736,-29.78
13.289,11.103,20.033,12.521,21.619,22.445,11.736,18.28
10.742,9.6168,11.169,7.6561,10.942,9.2759,12.243,9.0998
-2.8534,-3.7104,-0.6132,-5.8974,-2.567,-1.321,0.10892,-8.1528
-18.575,-20.14,-22.145,-24.816,-13.563,-15.215,-22.212,-27.832
39.553,32.795,38.512,34.394,35.482,34.725,38.271,31.861
-8.9684,-8.2752,-2.8912,-7.3915,-10.672,-6.6944,-11.24,-5.4327
-13.441,-9.3423,-10.94,-7.5852,-12.446,-16.469,-15.472,-4.9024
17.963,21.296,18.193,18.322,22.464,19.714,19.06,17.245
3.9535,9.0957,5.8213,5.7511,4.3406,5.4886,6.0014,6.6814
30.839,29.981,44.16,33.67,30.086,39.677,29.862,43.567
16.563,18.287,24.379,12.604,21.052,13.141,10.823,23.227
-7.7677,-9.0147,-10.487,-14.39,-9.7163,-11.542,-9.0211,-7.1937
-4.2967,-7.39,-7.9805,-6.9545,-4.8638,-6.0432,-10.614,-7.9991
39.967,32.341,30.636,23.943,27.583,40.885,34.693,28.44
10.526,7.5726,12.65,10.003,9.7109,10.116,11.114,9.8399
10.493,5.661,6.7631,12.23,6.2417,6.0968,4.4234,6.909
15.703,15.922,16.866,22.162,14.216,14.731,19.544,14.452
-20.695,-25.327,-19.938,-19.452,-22.262,-28.826,-23.186,-24.403
-11.077,-15.043,-11.699,-6.9227,-13.191,-13.08,-8.045,-11.661
-7.1586,-6.5567,-5.2083,-4.1728,-7.7934,-4.8612,-5.3572,-6.0922
2.9975,7.9956,9.1774,8.9405,5.8457,7.3134,9.3597,6.8342
-20.878,-20.172,-20.74,-18.463,-18.63,-20.681,-20.516,-21.93
12.092,14.514,12.055,14.425,12.152,14.241,12.649,15.246
6.0331,6.2609,5.6698,6.1249,5.9426,3.0602,2.4446,4.961
-9.7275,-11.247,-9.5857,-7.5598,-9.5376,-10.923,-13.725,-12.124
34.287,24.89,40.013,32.781,43.183,37.034,36.464,36.425
8.194,12.314,13.219,10.509,12.432,7.5943,10.251,9.8443
-17.521,-18.705,-11.896,-21.123,-25.571,-25.864,-13.826,-24.232
37.885,30.459,33.522,32.796,38.671,32.617,32.717,33.589
11.572,12.046,13.812,17.283,9.185,11.857,12.495,9.6285
7.365,5.7022,6.4358,7.451,8.3771,7.0026,9.2589,2.318
8.7707,6.8074,5.7723,7.8869,6.2928,10.396,9.8918,3.7952
35.584,35.545,36.112,36.573,41.415,45.182,39.835,34.809
-6.1483,-6.8686,-8.8544,-5.5941,-5.5265,-2.9636,-12.288,-11.419
34.325,35.597,37.012,39.508,35.271,39.769,36.092,37.724
-15.374,-11.627,-14.655,-8.1784,-12.048,-10.52,-12.52,-13.604
6.4087,2.8513,4.1226,3.5336,3.5667,7.8918,6.475,7.0716
25.284,31.577,35.673,33.559,35.399,23.764,29.995,31.525
36.448,38.348,41.648,32.089,42.068,29.529,48.961,37.571
4.1904,4.992,6.2074,7.8119,7.143,4.7526,5.0942,6.9782
36.589,41.635,42.788,35.537,37.121,37.421,36.981,33.929
4.8512,8.2282,6.1377,7.4034,4.0008,7.2223,4.3782,4.663
40.714,36.189,39.808,34.856,37.421,35.022,38.453,38.383
-2.3188,-1.577,-2.2721,-0.93863,-3.2378,-5.8463,-7.0015,-3.2141
18.905,20.25,6.5528,8.3331,19.727,11.927,14.114,7.3686
6.4983,6.7446,6.1814,6.9041,5.2716,7.9674,3.902,7.6403
4.5956,5.9406,12.22,9.4974,7.092,2.4284,9.0113,6.5155
-10.458,-10.656,-11.821,-11.356,-8.6079,-11.698,-8.7499,-8.6699
-17.689,-22.993,-28.093,-18.51,-25.497,-31.289,-23.211,-25.939
37.007,37.857,45.902,41.753,32.081,40.43,40.457,37.85
12.215,14.839,13.341,14.793,12.608,12.681,8.4412,17.52
-31.254,-26.459,-23.012,-14.368,-22.878,-18.341,-21.388,-22.393
17.797,17.343,13.772,17.279,20.545,15.66,16.154,19.089
13.26,13.963,15.177,14.715,14.222,18.099,20.849,21.994
34.759,33.673,41.327,35.844,41.421,39.477,32.771,33.357
12.08,7.6191,9.1285,13.993,9.5198,10.129,4.8463,6.6174
-3.7727,2.9589,-3.9165,0.18719,3.7479,-1.8795,-1.4666,-1.9619
9.7856,8.414,6.7515,11.082,10.056,9.8828,10.249,9.2554
-7.3237,-11.578,-5.8406,-13.338,-5.5241,-10.333,-10.982,-8.9334
-8.0921,-2.3139,-5.9597,-4.2402,-3.2168,-2.907,-1.9263,-3.477
-20.1,-15.104,-22.047,-29.445,-16.551,-21.376,-28.135,-25.834
-3.891,-5.4301,-6.0872,-2.1703,-4.96,-5.7016,-5.2472,-0.54326
34.921,39.914,35.994,38.941,40.282,35.765,45.213,39.297
-9.5954,-7.5574,-6.119,-3.9664,-10.573,-6.3089,-6.4082,-7.7595
-11.093,-12.501,-10.196,-11.513,-6.4964,-11.677,-9.1126,-14.15
-13.88,-11.614,-15.911,-11.167,-14.565,-12.868,-12.707,-12.834
5.173,7.1036,4.6695,4.5353,3.1644,7.7899,10.427,4.8871
7.4146,6.8729,5.482,6.3778,4.1617,3.0332,5.3207,7.6832
9.5472,18.184,10.711,15.127,6.7379,12.445,6.4505,11.51
-4.3539,-6.9162,-6.507,-6.7477,-6.2917,-5.0268,-3.9658,-5.6662
8.3299,6.1731,6.4224,6.3596,6.3072,7.5539,5.0557,4.4575
11.362,21.146,18.795,11.468,20.235,22.225,17.659,22.271
14.392,9.042,11.44,10.117,11.472,11.722,9.1181,10.623
6.7898,3.8777,6.7682,6.4637,5.8296,5.0574,6.708,4.6431
3.3922,3.5002,3.7464,5.9488,6.763,2.5706,1.3313,6.7566
-12.463,-10.588,-10.196,-4.4208,-11.245,-13.065,-10.628,-12.926
-2.5827,-4.8945,-0.9701,-6.7502,-2.1302,-1.9727,-2.5839,-3.8491
-3.7979,-2.8907,-2.8564,-4.1325,-7.0738,-0.69755,0.6194,-0.89554
15.289,20.717,21.554,14.743,17.865,19.38,16.57,18.847
-5.2328,-7.4078,-9.7803,-5.437,-5.8116,-7.806,-7.8552,-5.8437
-18.482,-22.561,-16.844,-22.286,-15.427,-22.044,-25.614,-23.701
2.4171,9.049,8.3117,7.0298,10.254,0.98511,7.8775,1.9681
-10.152,-12.489,-12.501,-6.6409,-13.054,-8.2768,-14.225,-8.7995
-16.222,-22.184,-23.727,-18.019,-21.229,-15.78,-20.163,-24.606
7.2147,4.4643,4.0645,5.5358,6.4032,6.0822,8.5697,5.1264
